Czas_s,Uchyb_X_px,Uchyb_Y_px,Regulator,Deadband_Stat,Pole_Obiektu
0.020,-162,-45,PID,60,14649.5
0.041,-158,-49,PID,60,13826.5
0.064,-145,-52,PID,60,13097.5
0.086,-145,-52,PID,60,13097.5
0.107,-128,-56,PID,60,12301.5
0.129,-102,-59,PID,60,11507.5
0.150,-102,-59,PID,60,11508.0
0.171,-76,-61,PID,60,11107.0
0.194,-76,-61,PID,60,11109.5
0.215,-43,-64,PID,60,10559.0
0.242,-4,-65,PID,60,10206.5
0.264,-4,-65,PID,60,10206.5
0.286,34,-67,PID,50,9574.5
0.306,69,-69,PID,50,9016.0
0.328,102,-72,PID,50,8425.0
0.349,102,-72,PID,50,8425.0
0.369,130,-74,PID,50,7883.5
0.390,130,-74,PID,50,7883.5
0.409,155,-58,PID,50,7743.0
0.430,173,-28,PID,50,7566.5
0.452,173,-29,PID,50,7482.5
0.473,187,-6,PID,50,6961.0
0.494,187,-6,PID,50,6961.0
0.515,195,11,PID,50,7240.0
0.536,197,24,PID,50,7148.0
0.562,191,37,PID,50,6838.5
0.584,191,37,PID,50,6838.5
0.604,179,39,PID,50,6568.5
0.627,163,27,PID,50,6078.5
0.650,163,27,PID,50,6078.5
0.671,141,23,PID,50,6130.5
0.695,141,23,PID,50,6130.5
0.717,114,23,PID,50,6182.5
0.738,87,18,PID,50,5924.5
0.761,61,15,PID,50,5888.0
0.783,61,15,PID,50,5888.0
0.805,36,13,PID,50,5811.0
0.829,13,9,PID,50,5582.5
0.850,13,9,PID,50,5582.5
0.872,-10,5,PID,50,5385.5
0.898,-29,2,PID,50,5404.0
0.920,-29,2,PID,50,5404.0
0.940,-47,0,PID,50,5299.0
0.961,-58,-1,PID,50,5255.0
0.983,-58,-1,PID,50,5255.0
1.004,-67,-4,PID,50,4921.0
1.028,-70,-6,PID,50,4805.5
1.050,-70,-6,PID,50,4805.5
1.071,-69,-7,PID,50,4523.0
1.095,-62,-7,PID,50,4323.5
1.116,-62,-7,PID,50,4323.5
1.138,-48,-4,PID,50,4469.0
1.160,-48,-4,PID,50,4469.0
1.183,-30,-4,PID,50,4106.5
1.204,-12,1,PID,50,4090.5
1.231,4,5,PID,50,3862.5
1.259,4,5,PID,50,3862.5
1.279,18,10,PID,50,3719.5
1.299,25,16,PID,50,3656.5
1.321,25,16,PID,50,3656.5
1.341,29,23,PID,50,3509.0
1.362,28,30,PID,50,3388.0
1.384,28,30,PID,50,3388.0
1.405,27,39,PID,50,3357.0
1.426,25,49,PID,50,3328.0
1.448,25,49,PID,50,3328.0
1.469,24,59,PID,50,3300.5
1.490,24,59,PID,50,3300.5
1.511,22,68,PID,50,3213.5
1.532,22,76,PID,45,2910.5
1.552,22,76,PID,45,2910.5
1.580,20,82,PID,45,2677.0
1.604,20,82,PID,45,2677.0
1.627,20,65,PID,45,2217.0
1.650,20,65,PID,45,2217.0
1.671,20,52,PID,45,2199.0
1.694,22,35,PID,45,2014.5
1.717,22,35,PID,45,2014.5
1.737,20,79,PID,45,2601.0
1.759,21,41,PID,45,2105.0
1.779,21,41,PID,45,2105.0
1.799,23,25,PID,45,1869.0
1.822,23,25,PID,45,1869.0
1.841,23,26,PID,45,1710.5
1.861,24,25,PID,45,1617.0
1.883,24,25,PID,45,1617.0
1.907,24,22,PID,45,1527.0
1.927,24,24,PID,45,1455.0
1.948,24,24,PID,45,1455.0
1.968,25,25,PID,45,1369.0
1.991,25,25,PID,45,1369.0
2.013,24,21,PID,45,1284.0
2.033,24,19,PID,45,1105.0
2.055,24,19,PID,45,1105.0
2.075,22,18,PID,45,1013.0
2.095,21,17,PID,45,1002.0
2.116,21,17,PID,45,1002.0
2.136,19,16,PID,45,966.0
2.159,16,17,PID,45,948.5
2.180,16,17,PID,45,948.5
2.200,14,17,PID,45,947.5
2.222,14,17,PID,45,947.5
2.244,12,17,PID,45,926.5
2.265,10,18,PID,45,901.5
2.288,7,17,PID,45,813.5
2.308,7,17,PID,45,813.5
2.331,4,18,PID,45,778.0
2.354,2,19,PID,45,801.5
2.373,2,19,PID,45,801.5
2.394,0,20,PID,45,816.0
2.416,0,20,PID,45,816.0
2.436,-2,20,PID,45,817.0
2.457,-2,20,PID,45,817.0
2.478,-3,21,PID,45,846.0
2.497,-5,21,PID,45,851.5
2.520,-5,21,PID,45,851.5
2.540,-6,21,PID,45,862.0
2.565,-7,21,PID,45,857.0
2.587,-7,21,PID,45,857.0
2.607,-8,21,PID,45,861.0
2.627,-9,22,PID,45,863.5
2.648,-9,22,PID,45,863.5
2.668,-10,22,PID,45,866.5
2.693,-11,22,PID,45,885.0
2.717,-11,22,PID,45,885.0
2.738,-12,22,PID,45,883.5
2.760,-12,22,PID,45,883.5
2.784,-13,22,PID,45,876.0
2.804,-13,21,PID,45,893.0
2.828,-14,20,PID,45,897.0
2.852,-14,20,PID,45,897.0
2.872,-13,19,PID,45,896.0
2.898,-14,18,PID,45,881.5
2.921,-14,18,PID,45,881.5
2.941,-13,17,PID,45,880.5
2.961,-13,16,PID,45,861.0
2.984,-13,16,PID,45,861.0
3.005,-12,15,PID,45,894.5
3.027,-12,15,PID,45,894.5
3.050,-13,13,PID,45,848.0
3.070,-13,12,PID,45,865.5
3.090,-13,10,PID,45,821.5
3.110,-13,10,PID,45,821.5
3.130,-13,10,PID,45,821.5
3.153,-12,8,PID,45,814.0
3.172,-11,7,PID,45,781.5
3.195,-11,5,PID,45,772.5
3.217,-11,5,PID,45,772.5
3.243,-11,3,PID,45,776.5
3.265,-12,2,PID,45,748.5
3.288,-12,0,PID,45,726.5
3.309,-12,0,PID,45,726.5
3.328,-12,-1,PID,45,718.5
3.351,-12,-1,PID,45,718.5
3.370,-12,-3,PID,45,698.5
3.391,-12,-4,PID,45,679.5
3.412,-12,-4,PID,45,679.5
3.432,-12,-5,PID,45,669.0
3.453,-12,-5,PID,45,669.0
3.472,-13,-7,PID,45,656.5
3.493,-13,-8,PID,45,644.5
3.515,-13,-8,PID,45,644.5
3.535,-14,-9,PID,45,620.5
3.563,-15,-9,PID,45,597.0
3.586,-15,-9,PID,45,597.0
3.606,-15,-10,PID,45,584.0
3.626,-16,-10,PID,45,572.5
3.646,-16,-10,PID,45,572.5
3.666,-16,-12,PID,45,585.0
3.689,-16,-12,PID,45,585.0
3.709,-17,-11,PID,45,637.5
3.729,-18,-12,PID,45,642.0
3.750,-18,-12,PID,45,642.0
3.770,-18,-13,PID,45,664.5
3.793,-19,-13,PID,45,700.5
3.815,-19,-13,PID,45,700.5
3.835,-20,-14,PID,45,715.0
3.858,-22,-14,PID,45,751.5
3.878,-22,-14,PID,45,751.5
3.904,-23,-16,PID,45,713.0
3.927,-25,-16,PID,45,738.0
3.949,-25,-16,PID,45,738.0
3.969,-28,-17,PID,45,744.5
3.992,-30,-18,PID,45,671.5
4.012,-30,-18,PID,45,671.5
4.032,-33,-20,PID,45,580.5
4.057,-37,-22,PID,45,531.5
4.079,-37,-22,PID,45,531.5
4.101,-40,-22,PID,45,546.5
4.125,-40,-22,PID,45,546.5
4.147,-43,-23,PID,45,537.0
4.167,-46,-23,PID,45,520.5
4.191,-46,-23,PID,45,520.5
4.213,-49,-23,PID,45,526.0
4.239,-53,-24,PID,45,518.5
4.262,-56,-24,PID,45,521.0
4.282,-56,-24,PID,45,521.0
4.302,-50,-24,PID,45,526.0
4.327,-45,-25,PID,40,483.0
4.350,-45,-25,PID,40,483.0
4.370,-37,-27,PID,40,424.0
4.393,-29,-27,PID,40,391.5
4.415,-29,-27,PID,40,391.5
4.437,-23,-28,PID,40,360.5
4.459,-23,-28,PID,40,360.5
4.481,-19,-29,PID,40,323.0
4.502,-20,-30,PID,40,323.0
4.526,-26,-31,PID,40,313.5
4.548,-26,-31,PID,40,313.5
4.572,-32,-32,PID,40,313.0
4.593,-38,-33,PID,40,314.0
4.615,-38,-33,PID,40,314.0
4.636,-46,-34,PID,40,355.0
4.659,-52,-36,PID,40,332.5
4.682,-52,-36,PID,40,332.5
4.703,-57,-36,PID,40,281.5
4.726,-63,-37,PID,40,268.0
4.749,-63,-37,PID,40,268.0
4.769,-63,-37,PID,40,291.5
4.792,-63,-38,PID,40,288.5
4.813,-63,-38,PID,40,288.5
4.835,-61,-40,PID,40,300.5
4.859,-60,-40,PID,40,311.0
4.881,-60,-40,PID,40,311.0
4.905,-60,-41,PID,40,320.0
4.926,-60,-41,PID,40,320.0
4.948,-59,-42,PID,40,324.5
4.969,-57,-36,PID,40,328.0
4.994,-58,-33,PID,40,339.0
5.016,-58,-33,PID,40,339.0
5.037,-55,-29,PID,40,334.5
5.059,-55,-19,PID,40,328.0
5.081,-55,-19,PID,40,328.0
5.101,-55,-14,PID,40,321.0
5.123,-54,-18,PID,40,324.5
5.146,-54,-18,PID,40,324.5
5.166,-54,-26,PID,40,346.5
5.189,-54,-26,PID,40,346.5
5.210,-53,-27,PID,40,340.0
5.234,-52,-24,PID,40,357.5
5.258,-52,-24,PID,40,357.5
5.280,-52,-25,PID,40,382.5
5.300,-52,-28,PID,40,383.5
5.323,-52,-28,PID,40,383.5
5.345,-51,-27,PID,40,387.0
5.366,-47,-27,PID,40,361.0
5.390,-47,-27,PID,40,361.0
5.410,-46,-29,PID,40,347.0
5.430,-44,-29,PID,40,348.5
5.453,-44,-29,PID,40,348.5
5.473,-43,-29,PID,40,345.0
5.493,-42,-30,PID,40,358.5
5.515,-42,-30,PID,40,358.5
5.535,-42,-30,PID,40,363.5
5.557,-41,-30,PID,40,383.5
5.581,-41,-30,PID,40,383.5
5.601,-39,-32,PID,40,387.0
5.631,-39,-32,PID,40,387.0
5.652,-40,-32,PID,40,384.0
5.671,-38,-32,PID,40,366.0
5.693,-38,-32,PID,40,366.0
5.713,-39,-33,PID,40,367.0
5.733,-40,-35,PID,40,366.5
5.755,-40,-35,PID,40,366.5
5.774,-47,-35,PID,40,366.5
5.795,-47,-35,PID,40,366.5
5.817,-53,-35,PID,40,354.5
5.837,-58,-36,PID,40,364.5
5.857,-58,-36,PID,40,364.5
5.878,-56,-37,PID,40,347.0
5.902,-54,-37,PID,40,355.0
5.923,-54,-37,PID,40,355.0
5.943,-55,-38,PID,40,352.0
5.963,-53,-38,PID,40,354.0
5.985,-53,-38,PID,40,354.0
6.005,-52,-38,PID,40,351.5
6.027,-50,-40,PID,40,345.5
6.049,-50,-40,PID,40,345.5
6.069,-50,-40,PID,40,345.0
6.089,-50,-40,PID,40,345.0
6.109,-49,-40,PID,40,332.0
6.129,-48,-39,PID,40,316.0
6.150,-48,-39,PID,40,316.0
6.169,-45,-35,PID,40,317.5
6.191,-42,-27,PID,40,309.0
6.212,-42,-27,PID,40,309.0
6.240,-40,-22,PID,40,316.0
6.262,-37,-23,PID,40,339.0
6.283,-37,-23,PID,40,339.0
6.303,-36,-28,PID,40,333.5
6.324,-35,-25,PID,40,369.5
6.346,-35,-25,PID,40,369.5
6.366,-36,-26,PID,40,349.0
6.389,-36,-26,PID,40,349.0
6.410,-42,-30,PID,40,318.5
6.430,-48,-30,PID,40,350.5
6.452,-48,-30,PID,40,350.5
6.472,-54,-30,PID,40,355.5
6.491,-62,-34,PID,40,308.0
6.514,-62,-34,PID,40,308.0
6.534,-63,-34,PID,40,327.0
6.556,-63,-34,PID,40,327.0
6.581,-63,-34,PID,40,310.0
6.602,-64,-35,PID,40,318.5
6.625,-62,-36,PID,40,336.5
6.648,-62,-36,PID,40,336.5
6.668,-63,-36,PID,40,341.0
6.691,-61,-37,PID,40,343.5
6.712,-61,-37,PID,40,343.5
6.732,-62,-38,PID,40,342.0
6.755,-62,-38,PID,40,342.0
6.777,-60,-39,PID,40,321.5
6.798,-58,-40,PID,40,327.5
6.820,-58,-40,PID,40,327.5
6.840,-58,-41,PID,40,313.0
6.860,-58,-42,PID,40,295.5
6.883,-58,-42,PID,40,295.5
6.905,-57,-42,PID,40,274.0
6.926,-56,-34,PID,40,271.5
6.948,-56,-34,PID,40,271.5
6.969,-55,-26,PID,40,279.0
6.992,-55,-26,PID,40,279.0
7.013,-54,-19,PID,40,247.0
7.033,-52,-9,PID,40,238.0
7.054,-52,-9,PID,40,238.0
7.074,-53,-9,PID,40,202.5
7.096,-50,-14,PID,40,194.0
7.117,-50,-14,PID,40,194.0
7.137,-50,-15,PID,40,188.5
7.159,-48,-15,PID,40,206.5
7.182,-48,-15,PID,40,206.5
7.203,-46,-17,PID,40,213.5
7.227,-46,-17,PID,40,213.5
7.251,-45,-17,PID,40,216.0
7.271,-43,-16,PID,40,232.0
7.292,-41,-14,PID,40,228.0
7.313,-41,-14,PID,40,228.0
7.334,-41,-18,PID,40,142.5
7.357,-40,-19,PID,40,172.5
7.378,-40,-19,PID,40,172.5
7.399,-38,-19,PID,40,168.0
7.422,-38,-19,PID,40,168.0
7.443,-35,-21,PID,40,182.0
7.463,-33,-18,PID,40,257.0
7.486,-33,-18,PID,40,257.0
7.507,-31,-22,PID,40,190.0
7.528,-37,-18,PID,40,314.0
7.550,-37,-18,PID,40,314.0
7.574,-39,-24,PID,40,233.0
7.595,-44,-25,PID,40,263.0
7.616,-44,-25,PID,40,263.0
7.637,-47,-16,PID,40,464.0
7.657,-47,-16,PID,40,464.0
7.679,-48,-21,PID,40,423.5
7.700,-52,-17,PID,40,485.5
7.723,-53,-25,PID,40,292.0
7.745,-53,-25,PID,40,292.0
7.767,-46,-22,PID,40,404.5
7.789,-46,-22,PID,40,404.5
7.812,-39,-19,PID,45,512.0
7.832,-34,-18,PID,40,497.0
7.857,-34,-18,PID,40,497.0
7.878,-34,-25,PID,40,345.0
7.904,-28,-22,PID,40,385.5
7.926,-29,-21,PID,40,344.0
7.949,-29,-21,PID,40,344.0
7.969,-31,-22,PID,40,317.0
7.991,-31,-22,PID,40,317.0
8.014,-36,-22,PID,40,294.0
8.034,-35,-22,PID,40,258.5
8.057,-37,-21,PID,40,273.0
8.080,-37,-21,PID,40,273.0
8.100,-37,-21,PID,40,289.0
8.122,-37,-21,PID,40,289.0
8.143,-38,-21,PID,40,254.5
8.164,-37,-21,PID,40,247.5
8.186,-37,-21,PID,40,247.5
8.206,-36,-21,PID,40,251.0
8.231,-34,-22,PID,40,259.5
8.261,-33,-22,PID,40,261.5
8.288,-33,-22,PID,40,261.5
8.312,-30,-22,PID,40,299.5
8.332,-27,-21,PID,40,319.5
8.355,-24,-21,PID,40,342.0
8.378,-24,-21,PID,40,342.0
8.400,-23,-22,PID,40,292.5
8.421,-19,-21,PID,40,394.5
8.442,-19,-21,PID,40,394.5
8.462,-17,-22,PID,40,317.0
8.484,-17,-22,PID,40,317.0
8.503,-13,-21,PID,40,353.5
8.524,-9,-23,PID,40,309.5
8.545,-9,-23,PID,40,309.5
8.569,-4,-21,PID,40,328.5
8.590,-4,-21,PID,40,328.5
8.612,0,-24,PID,40,284.0
8.632,5,-20,PID,40,341.5
8.654,5,-20,PID,40,341.5
8.674,10,-25,PID,40,225.5
8.694,15,-25,PID,40,240.0
8.716,15,-25,PID,40,240.0
8.736,19,-24,PID,40,286.5
8.758,25,-24,PID,40,242.0
8.779,25,-24,PID,40,242.0
8.799,30,-25,PID,40,227.5
8.820,36,-24,PID,40,239.0
8.841,36,-24,PID,40,239.0
8.861,40,-23,PID,40,221.5
8.883,40,-23,PID,40,221.5
8.906,45,-21,PID,40,236.5
8.926,50,-19,PID,40,249.0
8.947,50,-19,PID,40,249.0
8.967,53,-17,PID,40,214.5
8.988,50,-15,PID,40,261.0
9.008,50,-15,PID,40,261.0
9.028,48,-12,PID,40,250.0
9.052,48,-12,PID,40,250.0
9.073,45,-9,PID,40,267.0
9.093,42,-6,PID,40,251.0
9.115,42,-6,PID,40,251.0
9.134,40,-2,PID,40,255.0
9.157,35,0,PID,40,276.0
9.178,35,0,PID,40,276.0
9.198,33,3,PID,40,256.0
9.226,33,3,PID,40,256.0
9.246,30,5,PID,40,267.0
9.266,29,9,PID,40,242.0
9.288,33,11,PID,40,237.0
9.309,33,11,PID,40,237.0
9.330,38,14,PID,40,228.0
9.353,44,17,PID,40,237.5
9.374,44,17,PID,40,237.5
9.394,49,20,PID,40,220.5
9.416,49,20,PID,40,220.5
9.435,54,22,PID,40,216.5
9.456,57,25,PID,40,209.0
9.477,57,25,PID,40,209.0
9.498,54,27,PID,40,195.5
9.520,54,27,PID,40,195.5
9.541,54,30,PID,40,205.0
9.566,51,31,PID,40,197.5
9.589,50,34,PID,40,202.5
9.610,50,34,PID,40,202.5
9.630,47,36,PID,40,204.0
9.653,47,36,PID,40,204.0
9.674,47,39,PID,40,192.5
9.695,47,40,PID,40,184.5
9.715,47,40,PID,40,184.5
9.735,45,43,PID,40,187.5
9.758,45,45,PID,40,189.5
9.780,45,45,PID,40,189.5
9.799,43,45,PID,40,189.0
9.822,42,38,PID,40,192.5
9.844,42,38,PID,40,192.5
9.864,41,31,PID,40,180.5
9.889,41,31,PID,40,180.5
9.911,41,28,PID,40,187.0
9.932,41,26,PID,40,185.5
9.953,41,26,PID,40,185.5
9.973,41,20,PID,40,184.0
9.995,41,24,PID,40,181.5
10.016,41,24,PID,40,181.5
10.036,41,28,PID,40,187.0
10.061,41,29,PID,40,163.0
10.082,41,29,PID,40,163.0
10.102,42,30,PID,40,132.0
10.123,43,35,PID,40,127.5
10.144,43,35,PID,40,127.5
10.165,44,36,PID,40,138.0
10.187,44,36,PID,40,138.0
10.207,46,37,PID,40,154.0
10.229,47,40,PID,40,150.0
10.252,47,40,PID,40,150.0
10.273,48,42,PID,40,155.0
10.293,49,44,PID,40,144.0
10.313,49,44,PID,40,144.0
10.333,52,45,PID,40,162.0
10.354,52,45,PID,40,162.0
10.375,55,45,PID,40,169.0
10.395,56,39,PID,40,167.5
10.417,56,39,PID,40,167.5
10.436,59,30,PID,40,158.5
10.456,61,30,PID,40,162.0
10.477,61,30,PID,40,162.0
10.497,64,29,PID,40,185.5
10.519,64,29,PID,40,185.5
10.540,68,24,PID,40,200.0
10.564,71,23,PID,40,207.0
10.586,71,23,PID,40,207.0
10.606,74,29,PID,40,207.0
10.627,79,30,PID,40,179.5
10.649,79,30,PID,40,179.5
10.669,83,29,PID,40,152.0
10.690,87,31,PID,40,166.0
10.712,87,31,PID,40,166.0
10.732,90,34,PID,40,182.5
10.754,95,34,PID,40,181.5
10.775,95,34,PID,40,181.5
10.796,98,35,PID,40,194.5
10.816,98,35,PID,40,194.5
10.836,103,37,PID,40,194.5
10.857,103,37,PID,40,194.5
10.881,108,38,PID,40,185.0
10.913,113,38,PID,40,174.0
10.935,116,40,PID,40,177.5
10.957,120,42,PID,40,197.0
10.979,120,42,PID,40,197.0
11.000,123,43,PID,40,192.0
11.022,129,43,PID,40,171.0
11.043,129,43,PID,40,171.0
11.063,133,42,PID,40,161.5
11.085,133,42,PID,40,161.5
11.105,139,37,PID,40,166.0
11.125,144,28,PID,40,177.5
11.147,144,28,PID,40,177.5
11.168,150,19,PID,40,183.5
11.190,153,12,PID,40,167.5
11.210,153,12,PID,40,167.5
11.235,158,7,PID,40,146.5
11.258,163,12,PID,40,170.0
11.280,163,12,PID,40,170.0
11.301,166,14,PID,40,190.5
11.323,171,12,PID,40,197.0
11.344,171,12,PID,40,197.0
11.364,173,13,PID,40,211.5
11.385,173,13,PID,40,211.5
11.407,178,15,PID,40,189.5
11.427,178,15,PID,40,189.5
11.447,178,15,PID,40,214.0
11.467,179,16,PID,40,210.0
11.489,180,19,PID,40,213.5
11.509,180,19,PID,40,213.5
11.530,180,20,PID,40,222.5
11.551,180,20,PID,40,222.5
11.576,180,21,PID,40,233.0
11.596,177,23,PID,40,236.5
11.617,177,23,PID,40,236.5
11.636,175,25,PID,40,246.0
11.657,173,27,PID,40,291.0
11.679,173,27,PID,40,291.0
11.699,170,28,PID,40,296.5
11.721,163,29,PID,40,299.5
11.742,163,29,PID,40,299.5
11.763,159,28,PID,40,292.0
11.785,159,28,PID,40,292.0
11.806,152,29,PID,40,295.0
11.825,147,28,PID,40,290.0
11.847,147,28,PID,40,290.0
11.867,141,27,PID,40,284.0
11.896,133,26,PID,40,261.0
11.917,133,26,PID,40,261.0
11.937,128,24,PID,40,253.5
11.959,119,22,PID,40,252.5
11.980,119,22,PID,40,252.5
12.000,113,20,PID,40,223.0
12.022,105,17,PID,40,211.0
12.043,105,17,PID,40,211.0
12.064,97,15,PID,40,212.5
12.086,97,15,PID,40,212.5
12.108,86,13,PID,40,210.0
12.129,77,11,PID,40,209.0
12.152,67,8,PID,40,211.5
12.173,67,8,PID,40,211.5
12.193,57,7,PID,40,201.5
12.215,57,7,PID,40,201.5
12.240,48,5,PID,40,199.0
12.260,37,3,PID,40,200.0
12.282,37,3,PID,40,200.0
12.302,27,2,PID,40,191.0
12.322,18,2,PID,40,187.0
12.343,18,2,PID,40,187.0
12.363,9,1,PID,40,191.5
12.385,9,1,PID,40,191.5
12.406,6,1,PID,40,190.0
12.426,3,2,PID,40,189.5
12.447,3,2,PID,40,189.5
12.467,1,1,PID,40,193.0
12.488,-1,2,PID,40,188.0
12.509,-1,2,PID,40,188.0
12.529,-3,3,PID,40,189.5
12.551,-3,3,PID,40,189.5
12.573,-4,2,PID,40,190.5
12.593,-5,2,PID,40,183.5
12.613,-5,2,PID,40,183.5
12.634,-5,2,PID,40,194.0
12.655,-5,1,PID,40,187.0
12.677,-5,1,PID,40,187.0
12.697,-5,0,PID,40,180.5
12.718,-5,0,PID,40,180.5
12.738,-5,0,PID,40,183.0
12.759,-4,-1,PID,40,181.5
12.781,-4,-1,PID,40,181.5
12.801,-4,-1,PID,40,177.0
12.822,-4,-2,PID,40,175.0
12.843,-4,-2,PID,40,175.0
12.863,-3,-3,PID,40,167.0
12.884,-3,-3,PID,40,167.0
12.908,-2,-4,PID,40,163.5
12.927,-1,-6,PID,40,167.0
12.948,-1,-6,PID,40,167.0
12.968,0,-7,PID,40,164.5
12.988,2,-8,PID,40,167.0
13.008,2,-8,PID,40,167.0
13.028,2,-10,PID,40,150.5
13.050,2,-10,PID,40,150.5
13.071,3,-11,PID,40,164.0
13.091,4,-12,PID,40,168.0
13.111,4,-12,PID,40,168.0
13.132,4,-13,PID,40,168.5
13.153,4,-13,PID,40,168.5
13.174,5,-14,PID,40,173.0
13.195,4,-15,PID,40,176.5
13.221,4,-15,PID,40,176.5
13.243,4,-15,PID,40,181.5
13.263,3,-16,PID,40,193.0
13.283,3,-16,PID,40,193.0
13.304,2,-16,PID,40,197.5
13.324,0,-17,PID,40,198.5
13.344,0,-17,PID,40,198.5
13.364,-3,-17,PID,40,218.5
13.386,-3,-17,PID,40,218.5
13.407,-5,-18,PID,40,219.5
13.427,-9,-18,PID,40,245.0
13.449,-9,-18,PID,40,245.0
13.468,-13,-18,PID,40,270.0
13.488,-17,-19,PID,40,271.5
13.509,-17,-19,PID,40,271.5
13.529,-22,-21,PID,40,277.0
13.557,-22,-21,PID,40,277.0
13.579,-27,-22,PID,40,276.0
13.599,-33,-22,PID,40,301.0
13.621,-33,-22,PID,40,301.0
13.642,-39,-24,PID,40,291.5
13.662,-46,-26,PID,40,307.0
13.685,-46,-26,PID,40,307.0
13.706,-53,-27,PID,40,328.5
13.726,-60,-29,PID,40,314.5
13.748,-60,-29,PID,40,314.5
13.768,-68,-31,PID,40,326.5
13.788,-69,-33,PID,40,312.0
13.810,-69,-33,PID,40,312.0
13.831,-73,-35,PID,40,320.0
13.852,-73,-35,PID,40,320.0
13.873,-72,-38,PID,40,313.5
13.899,-74,-40,PID,40,347.0
13.920,-74,-40,PID,40,347.0
13.941,-76,-43,PID,40,323.0
13.962,-77,-45,PID,40,341.0
13.984,-77,-45,PID,40,341.0
14.006,-81,-46,PID,40,342.0
14.026,-86,-41,PID,40,413.5
14.048,-86,-41,PID,40,413.5
14.068,-89,-36,PID,40,373.5
14.090,-91,-36,PID,40,366.0
14.111,-91,-36,PID,40,366.0
14.130,-94,-32,PID,40,344.5
14.154,-97,-20,PID,40,292.5
14.175,-97,-20,PID,40,292.5
14.195,-100,-15,PID,40,334.0
14.222,-100,-15,PID,40,334.0
14.244,-103,-20,PID,40,325.5
14.264,-106,-27,PID,40,314.5
14.286,-110,-26,PID,40,329.0
14.307,-110,-26,PID,40,329.0
14.327,-113,-26,PID,40,343.5
14.349,-113,-26,PID,40,343.5
14.369,-115,-30,PID,40,343.5
14.388,-117,-31,PID,40,296.5
14.410,-117,-31,PID,40,296.5
14.430,-121,-29,PID,40,298.0
14.451,-127,-31,PID,40,269.0
14.472,-127,-31,PID,40,269.0
14.492,-128,-31,PID,40,270.5
14.514,-128,-31,PID,40,270.5
14.534,-133,-30,PID,40,271.0
14.560,-135,-31,PID,40,278.0
14.581,-135,-31,PID,40,278.0
14.601,-138,-31,PID,40,278.5
14.622,-138,-30,PID,40,251.5
14.644,-138,-30,PID,40,251.5
14.664,-144,-31,PID,40,252.5
14.685,-144,-31,PID,40,252.5
14.705,-145,-31,PID,40,251.0
14.725,-148,-29,PID,40,280.0
14.748,-148,-29,PID,40,280.0
14.768,-151,-30,PID,40,302.0
14.788,-152,-31,PID,40,312.5
14.809,-152,-31,PID,40,312.5
14.829,-156,-30,PID,40,324.5
14.851,-156,-30,PID,40,324.5
14.871,-155,-31,PID,40,323.0
14.896,-156,-33,PID,40,337.5
14.918,-156,-33,PID,40,337.5
14.939,-156,-34,PID,40,330.0
14.959,-158,-35,PID,40,333.0
14.982,-158,-35,PID,40,333.0
15.002,-159,-37,PID,40,328.0
15.022,-162,-38,PID,40,332.0
15.043,-162,-38,PID,40,332.0
15.064,-163,-38,PID,40,338.0
15.085,-163,-38,PID,40,338.0
15.106,-166,-39,PID,40,346.0
15.126,-170,-41,PID,40,370.5
15.149,-170,-41,PID,40,370.5
15.169,-173,-41,PID,40,365.5
15.189,-176,-42,PID,40,382.0
15.211,-176,-42,PID,40,382.0
15.238,-179,-42,PID,40,373.5
15.259,-180,-36,PID,40,391.0
15.281,-180,-36,PID,40,391.0
15.301,-183,-35,PID,40,390.5
15.321,-189,-35,PID,40,394.5
15.342,-189,-35,PID,40,394.5
15.363,-193,-25,PID,40,372.0
15.387,-200,-20,PID,40,375.0
15.408,-200,-20,PID,40,375.0
15.429,-201,-25,PID,40,457.0
15.453,-207,-32,PID,40,419.0
15.475,-207,-32,PID,40,419.0
15.495,-210,-29,PID,40,442.5
15.518,-210,-29,PID,40,442.5
15.540,-216,-30,PID,40,408.5
15.566,-223,-35,PID,40,396.0
15.588,-225,-37,PID,40,445.5
15.610,-225,-37,PID,40,445.5
15.631,-232,-36,PID,40,488.5
15.653,-232,-36,PID,40,488.5
15.675,-235,-40,PID,40,394.5
15.696,-242,-43,PID,40,428.0
15.719,-242,-42,PID,45,585.5
15.741,-242,-42,PID,45,585.5
15.763,-249,-39,PID,45,823.5
15.785,-249,-39,PID,45,823.5
15.806,-256,-44,PID,40,472.0
15.827,-268,-32,PID,45,552.5
15.849,-268,-32,PID,45,552.5
15.869,-262,-35,PID,45,673.0
15.893,-259,-38,PID,45,743.0
15.916,-259,-38,PID,45,743.0
15.937,-264,-39,PID,45,655.5
15.957,-266,-32,PID,40,412.5
15.977,-266,-32,PID,40,412.5
15.998,-262,-34,PID,40,432.0
16.019,-262,-34,PID,40,432.0
16.040,-260,-44,PID,40,374.0
16.064,-256,-43,PID,40,437.5
16.085,-256,-43,PID,40,437.5
16.106,-259,-44,PID,45,576.5
16.126,-256,-48,PID,40,432.5
16.151,-256,-48,PID,40,432.5
16.173,-259,-42,PID,45,648.5
16.193,-258,-39,PID,40,459.5
16.215,-258,-39,PID,40,459.5
16.238,-252,-31,PID,40,425.5
16.259,-254,-22,PID,40,315.0
16.281,-254,-22,PID,40,315.0
16.302,-247,-24,PID,40,340.5
16.322,-241,-26,PID,40,435.5
16.344,-241,-26,PID,40,435.5
16.366,-243,-25,PID,40,297.0
16.387,-243,-25,PID,40,297.0
16.408,-239,-25,PID,40,266.5
16.429,-235,-26,PID,40,252.0
16.451,-235,-26,PID,40,252.0
16.472,-230,-24,PID,40,248.5
16.493,-225,-25,PID,40,240.5
16.516,-225,-25,PID,40,240.5
16.537,-220,-25,PID,40,250.0
16.561,-215,-24,PID,40,232.5
16.585,-207,-24,PID,40,209.0
16.606,-207,-24,PID,40,209.0
16.627,-201,-25,PID,40,226.0
16.651,-201,-25,PID,40,226.0
16.671,-195,-25,PID,40,229.0
16.692,-188,-25,PID,40,244.0
16.716,-188,-25,PID,40,244.0
16.737,-180,-26,PID,40,229.0
16.758,-172,-26,PID,40,235.0
16.781,-172,-26,PID,40,235.0
16.802,-164,-26,PID,40,242.0
16.822,-156,-25,PID,40,261.0
16.844,-156,-25,PID,40,261.0
16.865,-147,-26,PID,40,263.0
16.892,-138,-26,PID,40,285.0
16.916,-138,-26,PID,40,285.0
16.938,-128,-27,PID,40,265.0
16.959,-119,-27,PID,40,248.5
16.983,-119,-27,PID,40,248.5
17.003,-109,-26,PID,40,255.0
17.024,-100,-26,PID,40,247.0
17.045,-100,-26,PID,40,247.0
17.066,-90,-26,PID,40,255.0
17.087,-90,-26,PID,40,255.0
17.109,-81,-26,PID,40,271.0
17.130,-70,-28,PID,40,194.0
17.153,-70,-28,PID,40,194.0
17.174,-62,-26,PID,40,178.5
17.196,-53,-26,PID,40,166.5
17.223,-37,-22,PID,40,295.0
17.247,-37,-22,PID,40,295.0
17.268,-37,-22,PID,40,163.0
17.288,-32,-21,PID,40,197.5
17.309,-32,-21,PID,40,197.5
17.331,-30,-18,PID,40,229.5
17.352,-30,-18,PID,40,229.5
17.373,-31,-18,PID,40,184.0
17.394,-32,-16,PID,40,204.0
17.417,-32,-16,PID,40,204.0
17.438,-35,-16,PID,40,179.5
17.459,-36,-18,PID,40,167.5
17.482,-36,-18,PID,40,167.5
17.502,-37,-20,PID,40,145.0
17.522,-41,-19,PID,40,155.0
17.544,-41,-19,PID,40,155.0
17.570,-44,-18,PID,40,174.5
17.591,-48,-19,PID,40,191.0
17.612,-48,-19,PID,40,191.0
17.633,-53,-16,PID,40,224.5
17.654,-53,-16,PID,40,224.5
17.675,-48,-17,PID,40,189.0
17.695,-44,-17,PID,40,180.5
17.721,-44,-17,PID,40,180.5
17.742,-40,-16,PID,40,203.5
17.764,-32,-12,PID,40,300.0
17.786,-31,-12,PID,40,222.0
17.807,-31,-12,PID,40,222.0
17.828,-25,-9,PID,40,250.0
17.849,-25,-9,PID,40,250.0
17.870,-40,-16,PID,40,203.5
17.895,-19,-5,PID,40,315.0
17.916,-19,-5,PID,40,315.0
17.938,-17,1,PID,40,355.0
17.958,-17,6,PID,40,376.5
17.979,-17,6,PID,40,376.5
17.999,-20,10,PID,40,313.5
18.020,-20,15,PID,40,322.0
18.040,-20,15,PID,40,322.0
18.061,-18,20,PID,40,349.5
18.084,-18,20,PID,40,349.5
18.104,-16,25,PID,40,387.0
18.125,-14,29,PID,40,397.0
18.146,-14,29,PID,40,397.0
18.166,-12,33,PID,40,393.5
18.188,-7,38,PID,40,400.0
18.209,-7,38,PID,40,400.0
18.236,-3,43,PID,40,397.5
18.258,3,47,PID,40,429.5
18.279,3,47,PID,40,429.5
18.299,10,50,PID,40,411.5
18.320,10,50,PID,40,411.5
18.341,17,53,PID,40,435.5
18.361,27,54,PID,40,465.5
18.383,41,47,PID,40,479.5
18.404,41,47,PID,40,479.5
18.425,52,41,PID,45,516.5
18.446,52,41,PID,45,516.5
18.465,63,40,PID,45,524.5
18.486,74,35,PID,45,509.0
18.507,74,35,PID,45,509.0
18.527,80,25,PID,45,540.0
18.550,80,25,PID,45,540.0
18.570,86,24,PID,45,553.5
18.590,90,31,PID,45,557.0
18.611,90,31,PID,45,557.0
18.631,96,34,PID,45,562.0
18.653,102,32,PID,45,594.5
18.674,102,32,PID,45,594.5
18.695,110,34,PID,45,597.5
18.717,110,34,PID,45,597.5
18.739,117,39,PID,45,637.0
18.760,127,41,PID,45,661.0
18.783,136,42,PID,45,701.5
18.804,136,42,PID,45,701.5
18.824,147,47,PID,45,735.0
18.844,147,47,PID,45,735.0
18.864,158,52,PID,45,754.0
18.886,158,52,PID,45,754.0
18.909,172,55,PID,45,847.0
18.930,183,57,PID,45,868.0
18.953,183,57,PID,45,868.0
18.974,197,55,PID,45,875.0
18.995,212,49,PID,45,904.0
19.017,227,42,PID,45,954.5
19.038,227,42,PID,45,954.5
19.059,242,35,PID,45,999.0
19.081,242,35,PID,45,999.0
19.102,259,29,PID,45,1039.0
19.121,276,25,PID,45,1080.5
19.141,276,25,PID,45,1080.5
19.161,294,29,PID,45,1106.0
19.181,294,29,PID,45,1106.0
19.200,309,42,PID,45,836.0
19.224,317,49,PID,40,157.0
19.243,317,49,PID,40,157.0
19.262,320,240,PID,25,0
19.282,320,240,PID,25,0
19.300,320,240,PID,25,0
19.319,320,240,PID,25,0
19.337,320,240,PID,25,0
19.357,320,240,PID,25,0
19.376,320,240,PID,25,0
19.394,320,240,PID,25,0
19.414,320,240,PID,25,0
19.432,320,240,PID,25,0
19.452,320,240,PID,25,0
19.472,320,240,PID,25,0
19.490,320,240,PID,25,0
19.509,320,240,PID,25,0
19.527,320,240,PID,25,0
19.546,320,240,PID,25,0
19.568,320,240,PID,25,0
19.587,320,240,PID,25,0
19.605,320,240,PID,25,0
19.626,320,240,PID,25,0
19.646,320,240,PID,25,0
19.665,320,240,PID,25,0
19.683,320,240,PID,25,0
19.701,320,240,PID,25,0
19.721,320,240,PID,25,0
19.740,320,240,PID,25,0
19.759,320,240,PID,25,0
19.780,320,240,PID,25,0
19.798,320,240,PID,25,0
19.818,320,240,PID,25,0
19.836,320,240,PID,25,0
19.854,320,240,PID,25,0
19.873,320,240,PID,25,0
19.895,320,240,PID,25,0
19.915,320,240,PID,25,0
19.932,320,240,PID,25,0
19.951,320,240,PID,25,0
19.969,320,240,PID,25,0
19.988,320,240,PID,25,0
20.006,320,240,PID,25,0
20.023,320,240,PID,25,0
20.041,320,240,PID,25,0
20.060,320,240,PID,25,0
20.080,320,240,PID,25,0
20.097,320,240,PID,25,0
20.116,320,240,PID,25,0
20.134,320,240,PID,25,0
20.154,320,240,PID,25,0
20.174,320,240,PID,25,0
20.192,320,240,PID,25,0
20.217,320,240,PID,25,0
20.236,320,240,PID,25,0
20.253,320,240,PID,25,0
20.273,320,240,PID,25,0
20.291,320,240,PID,25,0
20.312,320,240,PID,25,0
20.329,320,240,PID,25,0
20.349,320,240,PID,25,0
20.367,320,240,PID,25,0
20.387,320,240,PID,25,0
20.409,320,240,PID,25,0
20.427,320,240,PID,25,0
20.449,320,240,PID,25,0
20.467,320,240,PID,25,0
20.487,320,240,PID,25,0
20.507,320,240,PID,25,0
20.526,320,240,PID,25,0
20.550,320,240,PID,25,0
20.569,320,240,PID,25,0
20.590,320,240,PID,25,0
20.611,320,240,PID,25,0
20.629,320,240,PID,25,0
20.650,320,240,PID,25,0
20.668,320,240,PID,25,0
20.689,320,240,PID,25,0
20.707,320,240,PID,25,0
20.726,320,240,PID,25,0
20.748,320,240,PID,25,0
20.767,320,240,PID,25,0
20.786,320,240,PID,25,0
20.805,320,240,PID,25,0
20.824,320,240,PID,25,0
20.845,320,240,PID,25,0
20.862,320,240,PID,25,0
20.883,320,240,PID,25,0
20.906,320,240,PID,25,0
20.925,320,240,PID,25,0
20.944,320,240,PID,25,0
20.962,320,240,PID,25,0
20.982,320,240,PID,25,0
21.002,320,240,PID,25,0
21.021,320,240,PID,25,0
21.042,320,240,PID,25,0
21.060,320,240,PID,25,0
21.080,320,240,PID,25,0
21.100,320,240,PID,25,0
21.120,320,240,PID,25,0
21.138,320,240,PID,25,0
21.157,320,240,PID,25,0
21.179,320,240,PID,25,0
21.199,320,240,PID,25,0
21.222,320,240,PID,25,0
21.241,320,240,PID,25,0
21.260,320,240,PID,25,0
21.281,0,0,PID,25,0
21.309,0,0,PID,25,0
21.330,-66,65,PID,40,408.0
21.352,-129,19,PID,45,2836.0
21.376,-129,19,PID,45,2830.5
21.399,-126,22,PID,45,2682.5
21.423,-127,13,PID,50,5776.0
21.446,-127,13,PID,50,5776.0
21.468,-119,29,PID,50,5137.5
21.490,-124,50,PID,50,6673.0
21.514,-124,50,PID,50,6673.0
21.536,-90,71,PID,50,5183.5
21.563,-65,98,PID,50,3239.5
21.587,-56,133,PID,50,6645.0
21.610,-56,133,PID,50,6645.0
21.633,-12,164,PID,45,2469.0
21.654,-6,195,PID,50,6587.5
21.677,-6,195,PID,50,6587.5
21.697,-40,225,PID,45,529.5
21.717,-13,236,PID,40,113.0
21.740,-13,236,PID,40,113.0
21.760,110,159,PID,20,50.0
21.784,113,158,PID,20,80.5
21.806,320,240,PID,25,0
21.825,320,240,PID,25,0
21.844,320,240,PID,25,0
21.862,320,240,PID,25,0
21.888,320,240,PID,25,0
21.909,320,240,PID,25,0
21.927,320,240,PID,25,0
21.946,320,240,PID,25,0
21.966,320,240,PID,25,0
21.984,320,240,PID,25,0
22.005,320,240,PID,25,0
22.024,320,240,PID,25,0
22.045,320,240,PID,25,0
22.067,320,240,PID,25,0
22.087,320,240,PID,25,0
22.106,320,240,PID,25,0
22.124,320,240,PID,25,0
22.144,320,240,PID,25,0
22.162,320,240,PID,25,0
22.182,320,240,PID,25,0
22.200,320,240,PID,25,0
22.222,320,240,PID,25,0
22.248,320,240,PID,25,0
22.272,320,240,PID,25,0
22.290,320,240,PID,25,0
22.311,320,240,PID,25,0
22.329,320,240,PID,25,0
22.348,320,240,PID,25,0
22.367,320,240,PID,25,0
22.385,320,240,PID,25,0
22.403,320,240,PID,25,0
22.423,320,240,PID,25,0
22.442,320,240,PID,25,0
22.460,320,240,PID,25,0
22.481,320,240,PID,25,0
22.499,320,240,PID,25,0
22.518,320,240,PID,25,0
22.536,320,240,PID,25,0
22.560,320,240,PID,25,0
22.581,320,240,PID,25,0
22.600,320,240,PID,25,0
22.618,320,240,PID,25,0
22.637,320,240,PID,25,0
22.655,320,240,PID,25,0
22.673,320,240,PID,25,0
22.691,320,240,PID,25,0
22.713,320,240,PID,25,0
22.731,320,240,PID,25,0
22.752,320,240,PID,25,0
22.772,320,240,PID,25,0
22.790,320,240,PID,25,0
22.809,320,240,PID,25,0
22.827,320,240,PID,25,0
22.847,320,240,PID,25,0
22.866,320,240,PID,25,0
22.890,320,240,PID,25,0
22.912,320,240,PID,25,0
22.930,320,240,PID,25,0
22.951,320,240,PID,25,0
22.970,320,240,PID,25,0
22.990,320,240,PID,25,0
23.010,320,240,PID,25,0
23.028,320,240,PID,25,0
23.048,320,240,PID,25,0
23.067,320,240,PID,25,0
23.086,320,240,PID,25,0
23.106,320,240,PID,25,0
23.124,320,240,PID,25,0
23.144,320,240,PID,25,0
23.161,320,240,PID,25,0
23.181,320,240,PID,25,0
23.201,320,240,PID,25,0
23.224,320,240,PID,25,0
23.243,320,240,PID,25,0
23.261,320,240,PID,25,0
23.281,320,240,PID,25,0
23.300,320,240,PID,25,0
23.318,320,240,PID,25,0
23.338,320,240,PID,25,0
23.357,320,240,PID,25,0
23.377,320,240,PID,25,0
23.395,320,240,PID,25,0
23.415,320,240,PID,25,0
23.434,320,240,PID,25,0
23.452,320,240,PID,25,0
23.473,320,240,PID,25,0
23.492,320,240,PID,25,0
23.511,320,240,PID,25,0
23.530,320,240,PID,25,0
23.554,320,240,PID,25,0
23.573,320,240,PID,25,0
23.591,320,240,PID,25,0
23.612,320,240,PID,25,0
23.632,320,240,PID,25,0
23.650,320,240,PID,25,0
23.670,320,240,PID,25,0
23.689,320,240,PID,25,0
23.708,320,240,PID,25,0
23.726,320,240,PID,25,0
23.747,320,240,PID,25,0
23.766,320,240,PID,25,0
23.785,320,240,PID,25,0
23.805,320,240,PID,25,0
23.824,0,0,PID,25,0
23.845,0,0,PID,25,0
23.869,0,0,PID,25,0
23.893,126,-15,PID,40,300.5
23.918,123,-16,PID,45,1003.0
23.941,123,-16,PID,45,1003.0
23.963,119,-10,PID,40,255.0
23.987,120,-12,PID,45,1171.0
24.011,120,-12,PID,45,1171.0
24.034,136,29,PID,45,919.0
24.056,154,69,PID,45,622.0
24.080,154,69,PID,45,615.0
24.103,173,97,PID,45,927.0
24.126,197,131,PID,45,1076.5
24.151,197,130,PID,45,1068.0
24.173,215,147,PID,40,280.0
24.194,230,166,PID,40,389.5
24.217,248,205,PID,40,192.5
24.238,248,205,PID,40,192.5
24.258,320,240,PID,25,0
24.278,320,240,PID,25,0
24.296,320,240,PID,25,0
24.317,320,240,PID,25,0
24.336,320,240,PID,25,0
24.354,320,240,PID,25,0
24.375,320,240,PID,25,0
24.393,320,240,PID,25,0
24.413,320,240,PID,25,0
24.431,320,240,PID,25,0
24.450,320,240,PID,25,0
24.471,320,240,PID,25,0
24.489,320,240,PID,25,0
24.509,320,240,PID,25,0
24.526,320,240,PID,25,0
24.550,320,240,PID,25,0
24.572,320,240,PID,25,0
24.590,320,240,PID,25,0
24.611,320,240,PID,25,0
24.629,320,240,PID,25,0
24.648,320,240,PID,25,0
24.667,320,240,PID,25,0
24.685,320,240,PID,25,0
24.704,320,240,PID,25,0
24.723,320,240,PID,25,0
24.743,320,240,PID,25,0
24.761,320,240,PID,25,0
24.781,320,240,PID,25,0
24.800,320,240,PID,25,0
24.818,320,240,PID,25,0
24.839,320,240,PID,25,0
24.857,320,240,PID,25,0
24.878,320,240,PID,25,0
24.898,320,240,PID,25,0
24.916,320,240,PID,25,0
24.937,320,240,PID,25,0
24.955,320,240,PID,25,0
24.973,320,240,PID,25,0
24.991,320,240,PID,25,0
25.011,320,240,PID,25,0
25.029,320,240,PID,25,0
25.048,320,240,PID,25,0
25.067,320,240,PID,25,0
25.085,320,240,PID,25,0
25.106,320,240,PID,25,0
25.123,320,240,PID,25,0
25.144,320,240,PID,25,0
25.162,320,240,PID,25,0
25.182,320,240,PID,25,0
25.203,320,240,PID,25,0
25.225,320,240,PID,25,0
25.246,320,240,PID,25,0
25.264,320,240,PID,25,0
25.285,320,240,PID,25,0
25.305,320,240,PID,25,0
25.322,320,240,PID,25,0
25.343,320,240,PID,25,0
25.361,320,240,PID,25,0
25.381,320,240,PID,25,0
25.399,320,240,PID,25,0
25.417,320,240,PID,25,0
25.437,320,240,PID,25,0
25.455,320,240,PID,25,0
25.476,320,240,PID,25,0
25.494,320,240,PID,25,0
25.513,320,240,PID,25,0
25.531,320,240,PID,25,0
25.559,320,240,PID,25,0
25.579,320,240,PID,25,0
25.597,320,240,PID,25,0
25.616,320,240,PID,25,0
25.634,320,240,PID,25,0
25.653,320,240,PID,25,0
25.673,320,240,PID,25,0
25.691,320,240,PID,25,0
25.711,320,240,PID,25,0
25.729,320,240,PID,25,0
25.749,320,240,PID,25,0
25.770,320,240,PID,25,0
25.789,320,240,PID,25,0
25.810,320,240,PID,25,0
25.829,320,240,PID,25,0
25.849,320,240,PID,25,0
25.869,320,240,PID,25,0
25.891,320,240,PID,25,0
25.909,320,240,PID,25,0
25.930,320,240,PID,25,0
25.950,320,240,PID,25,0
25.968,320,240,PID,25,0
25.987,320,240,PID,25,0
26.007,320,240,PID,25,0
26.024,320,240,PID,25,0
26.043,320,240,PID,25,0
26.063,320,240,PID,25,0
26.083,320,240,PID,25,0
26.101,320,240,PID,25,0
26.119,320,240,PID,25,0
26.138,320,240,PID,25,0
26.156,320,240,PID,25,0
26.175,320,240,PID,25,0
26.193,320,240,PID,25,0
26.212,320,240,PID,25,0
26.235,320,240,PID,25,0
26.253,320,240,PID,25,0
26.273,0,0,PID,25,0
26.295,0,0,PID,25,0
26.317,63,-70,PID,45,765.0
26.338,65,-73,PID,45,913.0
26.360,120,-19,PID,40,425.5
26.385,59,-68,PID,40,381.5
26.408,59,-68,PID,40,381.5
26.435,106,-5,PID,40,107.5
26.456,65,-25,PID,20,63.0
26.481,65,-25,PID,20,63.0
26.506,92,-37,PID,20,69.5
26.526,320,240,PID,25,0
26.547,320,240,PID,25,0
26.569,320,240,PID,25,0
26.588,320,240,PID,25,0
26.609,320,240,PID,25,0
26.626,320,240,PID,25,0
26.645,320,240,PID,25,0
26.664,320,240,PID,25,0
26.684,320,240,PID,25,0
26.702,320,240,PID,25,0
26.721,320,240,PID,25,0
26.742,320,240,PID,25,0
26.760,231,152,PID,20,33.5
26.782,297,217,PID,25,0
26.802,294,214,PID,25,0
26.821,291,212,PID,25,0
26.841,289,209,PID,25,0
26.860,286,206,PID,25,0
26.884,283,204,PID,25,0
26.904,281,201,PID,25,0
26.923,278,198,PID,25,0
26.945,275,196,PID,25,0
26.965,208,204,PID,40,163.0
26.985,231,199,PID,25,0
27.005,225,196,PID,25,0
27.024,219,194,PID,25,0
27.045,214,192,PID,25,0
27.065,208,189,PID,25,0
27.085,203,187,PID,25,0
27.105,197,185,PID,25,0
27.125,191,183,PID,25,0
27.145,186,180,PID,25,0
27.166,180,178,PID,25,0
27.186,174,176,PID,25,0
27.206,169,174,PID,25,0
27.232,163,171,PID,25,0
27.252,157,169,PID,25,0
27.274,152,167,PID,25,0
27.294,146,165,PID,25,0
27.314,141,162,PID,25,0
27.335,135,160,PID,25,0
27.355,129,158,PID,25,0
27.380,124,155,PID,25,0
27.403,118,153,PID,25,0
27.423,112,151,PID,25,0
27.447,107,149,PID,25,0
27.470,101,146,PID,25,0
27.490,95,144,PID,25,0
27.513,90,142,PID,25,0
27.534,84,140,PID,25,0
27.559,79,137,PID,25,0
27.582,73,135,PID,25,0
27.603,67,133,PID,25,0
27.623,62,130,PID,25,0
27.643,56,128,PID,25,0
27.664,50,126,PID,25,0
27.686,45,124,PID,25,0
27.707,39,121,PID,25,0
27.727,33,119,PID,25,0
27.749,28,117,PID,25,0
27.769,22,115,PID,25,0
27.789,17,112,PID,25,0
27.811,11,110,PID,25,0
27.832,5,108,PID,25,0
27.853,0,105,PID,25,0
27.874,-6,103,PID,25,0
27.898,-12,101,PID,25,0
27.919,-17,99,PID,25,0
27.942,-23,96,PID,25,0
27.963,-29,94,PID,25,0
27.984,-34,92,PID,25,0
28.004,-40,90,PID,25,0
28.024,-45,87,PID,25,0
28.048,-51,85,PID,25,0
28.068,-57,83,PID,25,0
28.089,-62,81,PID,25,0
28.111,-68,78,PID,25,0
28.133,-74,76,PID,25,0
28.154,-79,74,PID,25,0
28.177,-85,71,PID,25,0
28.197,-91,69,PID,25,0
28.223,-114,13,PID,20,76.5
28.246,-229,55,PID,40,245.5
28.268,-227,51,PID,45,633.0
28.291,-217,49,PID,40,477.5
28.315,-118,33,PID,45,1055.5
28.339,-116,31,PID,45,1135.0
28.362,-122,69,PID,45,838.0
28.385,-84,20,PID,45,548.0
28.409,-79,32,PID,40,270.0
28.431,-79,32,PID,40,270.0
28.452,-111,70,PID,40,444.5
28.476,-111,70,PID,40,444.5
28.499,-169,42,PID,40,143.5
28.520,-87,82,PID,40,112.5
28.544,-87,82,PID,40,112.5
28.567,-75,76,PID,40,153.0
28.588,-74,73,PID,40,137.0
28.613,-74,73,PID,40,137.0
28.636,-20,-5,PID,40,218.5
28.657,-18,4,PID,40,354.0
28.681,-18,4,PID,40,354.0
28.704,-33,15,PID,45,1204.5
28.725,-37,37,PID,45,654.5
28.747,-37,37,PID,45,654.5
28.770,-37,40,PID,40,399.0
28.792,-107,10,PID,40,455.5
28.816,-112,2,PID,45,808.0
28.840,-112,2,PID,45,808.0
28.863,-39,44,PID,45,881.0
28.888,-42,30,PID,45,969.5
28.912,-42,30,PID,45,969.5
28.940,-37,38,PID,45,1177.5
28.965,-16,18,PID,45,1620.0
28.988,-94,-1,PID,45,807.0
29.014,-94,-1,PID,45,807.0
29.038,-13,35,PID,45,1144.0
29.067,-28,27,PID,50,3023.5
29.089,-11,12,PID,50,3559.5
29.114,-11,12,PID,50,3559.5
29.138,-4,13,PID,50,3398.0
29.170,7,6,PID,50,3751.5
29.192,-7,30,PID,45,1645.0
29.222,-6,17,PID,50,4231.5
29.247,-13,6,PID,50,6427.5
29.271,-13,6,PID,50,6427.5
29.292,2,9,PID,50,5585.0
29.317,-1,12,PID,50,4252.0
29.342,-1,12,PID,50,4252.0
29.364,-10,18,PID,50,3868.5
29.385,-22,12,PID,50,5595.5
29.409,-22,12,PID,50,5595.5
29.433,-18,11,PID,50,5077.5
29.457,-15,7,PID,50,5438.5
29.483,-15,7,PID,50,5378.5
29.508,-15,7,PID,50,5378.5
29.530,3,8,PID,50,4903.5
29.555,-21,14,PID,50,7134.5
29.579,-21,14,PID,50,7134.5
29.603,-13,8,PID,50,5855.0
29.625,-17,7,PID,50,5659.5
29.648,7,4,PID,50,5839.5
29.674,7,4,PID,50,5839.5
29.695,-14,5,PID,50,7836.0
29.717,-11,5,PID,50,7124.0
29.740,-11,5,PID,50,7124.0
29.762,-11,7,PID,50,6841.5
29.784,11,5,PID,50,4888.0
29.807,-11,6,PID,50,6731.0
29.829,-11,6,PID,50,6731.0
29.850,7,9,PID,50,5027.0
29.872,7,9,PID,50,5027.0
29.900,-15,10,PID,50,8111.0
29.924,9,9,PID,50,5208.0
29.948,-17,7,PID,50,5331.5
29.970,-17,7,PID,50,5331.5
29.992,-14,6,PID,50,7321.0
30.016,-14,7,PID,50,7074.5
30.039,-14,7,PID,50,7074.5
30.061,-17,9,PID,50,7508.0
30.082,-20,8,PID,50,6191.0
30.105,-20,8,PID,50,6191.0
30.127,-18,8,PID,50,7537.0
30.149,-26,11,PID,50,9175.0
30.173,-26,11,PID,50,9186.5
30.195,5,9,PID,50,5135.0
30.222,5,7,PID,50,5343.0
30.244,5,7,PID,50,5343.0
30.267,-15,7,PID,50,7394.5
30.289,7,8,PID,50,5062.0
30.312,7,8,PID,50,5062.0
30.334,-21,9,PID,50,6370.0
30.356,-15,8,PID,50,7016.5
30.380,-23,10,PID,50,6837.0
30.405,-23,10,PID,50,6837.0
30.426,-11,7,PID,50,7295.0
30.449,-15,6,PID,50,7488.5
30.472,-15,6,PID,50,7488.5
30.495,-26,12,PID,50,6948.5
30.519,-19,4,PID,50,8656.0
30.542,-19,4,PID,50,8656.0
30.568,-20,3,PID,50,9211.5
30.591,-21,10,PID,50,8106.0
30.615,-19,10,PID,50,7321.0
30.639,-19,10,PID,50,7321.0
30.661,-17,9,PID,50,7055.0
30.684,-23,12,PID,50,8841.0
30.707,-24,12,PID,50,8875.5
30.729,1,2,PID,50,6727.0
30.750,-20,10,PID,50,8158.5
30.774,-23,13,PID,50,8382.0
30.796,-14,3,PID,50,8393.5
30.817,-18,3,PID,50,9320.0
30.841,-18,3,PID,50,9320.0
30.863,-20,3,PID,50,9974.0
30.889,0,7,PID,50,6542.0
30.914,0,7,PID,50,6542.0
30.937,5,16,PID,50,6826.0
30.959,-20,8,PID,50,8374.5
30.982,-13,5,PID,50,8122.5
31.005,-13,5,PID,50,8122.5
31.027,-15,9,PID,50,7895.0
31.050,-13,6,PID,50,7829.5
31.073,-13,6,PID,50,7829.5
31.095,1,8,PID,50,6422.0
31.117,2,7,PID,50,6746.5
31.140,2,7,PID,50,6746.5
31.162,1,9,PID,50,6812.5
31.183,3,8,PID,50,6567.0
31.207,3,8,PID,50,6567.0
31.230,2,8,PID,50,6973.0
31.252,2,7,PID,50,6916.5
31.277,2,7,PID,50,6916.5
31.300,1,7,PID,50,6472.0
31.323,0,8,PID,50,6448.5
31.347,0,8,PID,50,6448.5
31.371,1,7,PID,50,6252.5
31.393,2,6,PID,50,6444.0
31.415,1,7,PID,50,6702.0
31.439,1,7,PID,50,6702.0
31.461,2,8,PID,50,6456.0
31.482,4,5,PID,50,6054.5
31.506,4,5,PID,50,6054.5
31.528,-16,6,PID,50,8593.0
31.554,-15,5,PID,50,8308.5
31.579,-14,5,PID,50,8365.5
31.603,-14,5,PID,50,8365.5
31.625,-20,9,PID,50,9072.0
31.649,-19,8,PID,50,8223.5
31.672,-19,8,PID,50,8223.5
31.694,-19,9,PID,50,8422.5
31.715,-18,6,PID,50,9236.0
31.738,-18,6,PID,50,9236.0
31.760,-18,6,PID,50,9202.0
31.783,-22,13,PID,50,8936.0
31.806,-23,13,PID,50,9000.5
31.828,-22,6,PID,60,10174.0
31.849,-25,12,PID,60,10073.5
31.871,-25,12,PID,60,10103.0
31.897,-15,8,PID,50,8364.5
31.919,-22,8,PID,60,10499.0
31.942,-22,8,PID,60,10499.0
31.965,-26,13,PID,50,8505.5
31.986,-18,6,PID,50,8858.5
32.010,-18,6,PID,50,8858.5
32.031,-19,7,PID,50,8855.5
32.053,-1,9,PID,50,6683.5
32.076,-1,9,PID,50,6683.5
32.098,-19,8,PID,50,9116.5
32.120,-20,8,PID,50,9509.5
32.144,-20,8,PID,50,9509.5
32.167,-20,6,PID,50,9457.0
32.190,-26,10,PID,60,10136.0
32.213,-27,10,PID,60,10111.5
32.236,-28,8,PID,60,10148.5
32.259,-23,6,PID,60,10350.0
32.283,-24,9,PID,50,9452.0
32.306,-24,9,PID,50,9452.0
32.327,-20,7,PID,50,9585.5
32.349,-17,6,PID,50,9718.0
32.372,-17,6,PID,50,9718.0
32.394,-21,7,PID,50,9300.5
32.415,-20,8,PID,50,9158.5
32.439,-20,8,PID,50,9158.5
32.460,-22,9,PID,50,9552.5
32.481,-23,10,PID,50,9686.5
32.505,-22,10,PID,50,9618.5
32.527,-16,5,PID,50,9409.5
32.554,-11,5,PID,50,8113.5
32.579,-18,4,PID,60,10263.5
32.603,-18,4,PID,60,10263.5
32.625,-19,2,PID,60,10426.0
32.649,-20,6,PID,50,9294.5
32.672,-20,6,PID,50,9294.5
32.694,-20,3,PID,60,10177.0
32.717,-20,3,PID,60,10177.0
32.740,-19,4,PID,50,9860.5
32.761,-19,4,PID,60,11304.5
32.783,-23,8,PID,60,10407.5
32.805,-23,9,PID,60,10445.0
32.827,-17,6,PID,50,9158.5
32.848,-18,6,PID,50,9317.5
32.872,-18,6,PID,50,9317.5
32.899,-21,9,PID,50,9707.5
32.922,-20,8,PID,50,9733.5
32.949,-13,4,PID,50,9031.5
32.970,-13,4,PID,50,9029.5
32.990,-12,2,PID,50,8617.5
33.014,-12,2,PID,50,8634.5
33.035,-22,8,PID,60,10600.0
33.057,-20,8,PID,60,10064.5
33.079,-20,8,PID,60,10064.5
33.103,-19,3,PID,60,10218.0
33.126,-15,1,PID,50,9786.0
33.149,-14,2,PID,50,9926.5
33.171,-14,2,PID,50,9923.5
33.193,-20,6,PID,60,10207.5
33.219,-14,4,PID,50,8576.5
33.245,-14,4,PID,50,8576.5
33.270,-17,4,PID,50,9926.0
33.292,-16,5,PID,50,9554.5
33.314,-17,-3,PID,60,10696.5
33.336,-17,-3,PID,60,10739.5
33.358,-15,4,PID,50,9282.0
33.382,-18,4,PID,50,9245.5
33.406,-23,7,PID,60,10329.5
33.430,-24,8,PID,60,10398.0
33.453,-26,8,PID,60,10202.0
33.478,-20,3,PID,50,9405.5
33.501,-20,2,PID,50,9459.0
33.523,-15,4,PID,50,8105.0
33.546,-30,10,PID,50,9008.5
33.571,-30,10,PID,50,9008.5
33.592,-18,1,PID,50,9302.0
33.615,-17,0,PID,50,9415.5
33.638,-13,1,PID,50,9196.5
33.659,-18,1,PID,50,9636.0
33.682,-17,5,PID,50,8662.0
33.704,-18,6,PID,50,8575.5
33.726,-24,4,PID,60,10973.0
33.748,-24,7,PID,50,7826.5
33.771,-24,7,PID,50,7826.5
33.794,-25,6,PID,50,8231.5
33.818,-26,7,PID,60,11154.5
33.841,-26,7,PID,60,11179.5
33.864,-20,9,PID,50,8369.5
33.891,-17,1,PID,50,8857.0
33.914,-17,1,PID,50,8857.0
33.937,-23,7,PID,60,10077.0
33.959,-36,17,PID,60,10064.5
33.980,-11,1,PID,50,7854.0
34.004,-11,1,PID,50,7854.0
34.025,-19,-1,PID,60,10742.5
34.051,-19,-1,PID,60,10742.5
34.075,-17,2,PID,50,9275.5
34.096,-17,2,PID,50,9275.5
34.117,-13,-2,PID,50,9044.5
34.141,-13,-2,PID,50,9044.5
34.163,-26,8,PID,50,9799.5
34.185,-14,4,PID,50,7640.5
34.207,-14,4,PID,50,7640.5
34.230,-18,4,PID,50,9046.0
34.252,-27,6,PID,60,11078.5
34.274,-27,6,PID,60,11132.5
34.296,-14,0,PID,50,9578.5
34.316,-21,4,PID,60,12059.0
34.339,-22,4,PID,60,12078.5
34.361,-23,6,PID,50,9932.0
34.382,-24,10,PID,60,10775.0
34.404,-25,11,PID,60,10914.0
34.425,-19,5,PID,60,10396.5
34.446,-23,3,PID,60,10962.0
34.470,-23,3,PID,60,11010.0
34.492,-18,5,PID,50,9732.0
34.513,-23,2,PID,60,11323.5
34.536,-23,2,PID,60,11340.5
34.565,-21,7,PID,50,9716.0
34.587,-17,0,PID,50,9950.5
34.611,-17,0,PID,50,9929.5
34.635,-16,5,PID,50,9290.5
34.656,-27,7,PID,60,10638.0
34.680,-17,5,PID,50,8977.5
34.703,-17,5,PID,50,8977.5
34.725,-23,6,PID,50,9971.0
34.749,-25,8,PID,50,9793.0
34.771,-25,8,PID,50,9799.5
34.793,-21,9,PID,50,9859.5
34.814,-19,5,PID,60,10116.5
34.836,-19,5,PID,50,9992.5
34.858,-24,6,PID,60,10273.0
34.886,-23,10,PID,50,9482.0
34.910,-23,10,PID,50,9482.0
34.933,-16,7,PID,50,9055.5
34.956,-22,11,PID,50,9602.5
34.980,-21,10,PID,50,9548.5
35.004,-18,6,PID,50,8229.5
35.025,-16,10,PID,50,8340.0
35.049,-22,13,PID,50,8768.0
35.073,-18,19,PID,60,10804.5
35.094,-18,19,PID,60,10795.0
35.115,-24,15,PID,50,9595.5
35.138,-24,15,PID,50,9598.0
35.159,-10,8,PID,50,7931.0
35.183,-20,13,PID,50,8443.0
35.207,-26,16,PID,50,9556.0
35.232,-26,16,PID,50,9552.5
35.254,-21,15,PID,50,8746.0
35.278,-21,15,PID,50,8360.0
35.300,-21,15,PID,50,8360.0
35.321,-24,13,PID,50,7958.5
35.345,-21,16,PID,50,8316.0
35.367,-21,16,PID,50,8298.5
35.389,-23,15,PID,50,9004.0
35.413,-23,16,PID,50,7977.5
35.435,-23,15,PID,50,7954.0
35.457,-24,14,PID,50,8078.0
35.479,-24,14,PID,50,8066.0
35.503,8,11,PID,50,5652.0
35.525,4,15,PID,50,5967.0
35.553,-13,11,PID,50,8357.5
35.577,-11,8,PID,50,8449.0
35.599,-11,6,PID,50,8302.5
35.621,-16,19,PID,50,7975.0
35.644,-16,20,PID,50,8135.0
35.665,-24,13,PID,50,9537.5
35.687,-22,18,PID,50,9818.0
35.710,-22,16,PID,50,9670.5
35.733,-21,14,PID,50,9644.0
35.755,-20,17,PID,50,9145.5
35.778,-20,17,PID,50,9108.5
35.802,-11,6,PID,50,7838.0
35.824,3,13,PID,50,6511.5
35.849,-18,11,PID,50,8608.0
35.873,2,15,PID,50,6825.5
35.897,2,16,PID,50,6880.5
35.919,3,6,PID,50,6244.5
35.941,3,6,PID,50,6244.5
35.963,-25,9,PID,60,11025.0
35.984,-15,6,PID,50,8759.5
36.007,-15,6,PID,50,8759.5
36.029,-23,11,PID,60,10017.5
36.050,-14,4,PID,50,8687.0
36.073,-14,4,PID,50,8687.0
36.095,-17,0,PID,50,9526.5
36.116,-18,6,PID,60,10766.0
36.138,-18,7,PID,60,10953.0
36.160,-14,9,PID,60,11234.0
36.181,-14,5,PID,50,8037.5
36.202,-14,5,PID,50,8037.5
36.229,-16,9,PID,50,8487.5
36.252,-25,12,PID,60,11193.5
36.276,-25,13,PID,50,9455.0
36.298,-25,13,PID,50,9461.0
36.320,-9,15,PID,50,8835.5
36.342,-9,16,PID,50,8896.0
36.364,-20,10,PID,50,8118.5
36.385,-16,6,PID,50,7817.5
36.408,-16,6,PID,50,7817.5
36.430,-22,12,PID,50,8554.5
36.451,-18,20,PID,50,9318.5
36.473,-19,22,PID,50,9478.0
36.495,-14,22,PID,60,10127.5
36.516,-19,15,PID,50,9664.0
36.545,-19,14,PID,50,9599.0
36.568,-25,8,PID,60,10728.0
36.590,-24,10,PID,60,10372.5
36.614,-26,13,PID,50,9323.5
36.638,-22,12,PID,60,12006.5
36.659,-22,11,PID,60,12051.5
36.680,-25,8,PID,60,10813.5
36.704,-25,8,PID,60,10851.5
36.725,-19,9,PID,60,10912.0
36.747,-21,13,PID,50,8627.5
36.769,-21,13,PID,50,8701.5
36.791,-25,8,PID,60,11110.0
36.812,-16,10,PID,50,9056.0
36.836,-16,10,PID,50,9056.0
36.857,-14,11,PID,50,8292.0
36.885,-13,10,PID,50,8891.5
36.909,-19,17,PID,60,11021.0
36.930,-18,20,PID,60,11290.5
36.952,-22,14,PID,50,9219.0
36.975,-23,14,PID,50,9232.0
36.999,-15,14,PID,50,8752.0
37.021,-24,15,PID,50,8850.5
37.043,-24,15,PID,50,8830.5
37.065,-24,13,PID,50,8745.5
37.087,-13,12,PID,50,9321.5
37.112,-19,23,PID,60,11156.0
37.137,-18,26,PID,60,11424.0
37.157,-25,24,PID,50,9963.5
37.179,-8,18,PID,50,9532.0
37.202,-7,16,PID,50,9370.5
37.227,3,22,PID,50,7680.5
37.248,-17,11,PID,50,9629.0
37.271,-17,7,PID,50,9314.0
37.292,-18,21,PID,50,9338.0
37.314,1,18,PID,50,7462.5
37.336,1,17,PID,50,7370.5
37.358,-9,16,PID,60,11013.5
37.379,-7,13,PID,50,9175.5
37.402,-7,13,PID,50,9164.5
37.424,-19,20,PID,60,11983.0
37.445,-19,19,PID,60,10246.5
37.468,-19,19,PID,60,10268.5
37.490,-19,7,PID,50,9366.0
37.515,-20,11,PID,50,6465.5
37.537,-20,11,PID,50,6465.5
37.565,-15,10,PID,50,7450.5
37.586,-22,17,PID,50,8808.0
37.610,-18,10,PID,50,8574.5
37.632,-18,10,PID,50,8574.5
37.653,-19,13,PID,50,8355.0
37.676,-18,13,PID,50,8369.5
37.699,-14,15,PID,50,8165.5
37.721,-21,16,PID,50,9962.0
37.745,-13,17,PID,60,10673.5
37.769,-13,18,PID,60,10751.5
37.790,-20,10,PID,50,8982.0
37.813,-17,22,PID,50,9401.0
37.836,-17,25,PID,50,9774.5
37.857,-13,8,PID,50,7605.5
37.883,-14,8,PID,50,7033.0
37.907,-14,8,PID,50,7033.0
37.928,-10,12,PID,50,7188.0
37.950,-15,10,PID,50,6578.5
37.974,-15,10,PID,50,6578.5
37.996,-12,13,PID,50,6963.0
38.018,-15,11,PID,50,5946.5
38.041,-15,11,PID,50,5946.5
38.063,3,12,PID,50,6297.5
38.085,-10,13,PID,50,7294.0
38.108,-10,13,PID,50,7294.0
38.132,-13,7,PID,50,7012.0
38.153,5,8,PID,50,5633.5
38.178,5,8,PID,50,5633.5
38.203,5,7,PID,50,5396.0
38.232,-12,24,PID,50,9228.0
38.253,-12,9,PID,50,7740.5
38.276,-16,8,PID,50,8115.5
38.298,-16,8,PID,50,8115.5
38.319,8,8,PID,50,5086.5
38.344,-14,7,PID,50,7758.5
38.368,-14,7,PID,50,7755.0
38.389,-13,7,PID,50,7543.5
38.412,-13,7,PID,50,7543.5
38.436,-10,7,PID,50,7418.0
38.457,-14,8,PID,50,7608.5
38.479,-14,6,PID,50,7198.0
38.503,-14,6,PID,50,7198.0
38.524,-14,9,PID,50,6399.0
38.551,-9,16,PID,50,8422.0
38.574,-8,19,PID,50,8640.5
38.596,5,11,PID,50,5501.0
38.618,-4,17,PID,50,8064.0
38.641,-4,19,PID,50,8296.5
38.665,-11,15,PID,50,7858.5
38.687,-14,11,PID,50,7772.0
38.712,-12,23,PID,50,9513.0
38.736,-12,30,PID,60,10420.0
38.757,-21,25,PID,50,9012.5
38.778,-23,18,PID,50,8507.0
38.802,-22,17,PID,50,8384.0
38.823,-12,17,PID,50,9673.0
38.846,-14,11,PID,50,7815.5
38.870,-14,11,PID,50,7815.5
38.896,-15,10,PID,50,7818.5
38.917,-7,14,PID,50,7273.0
38.939,-7,16,PID,50,7449.0
38.962,-13,9,PID,50,6511.5
38.984,7,17,PID,50,5937.0
39.007,7,18,PID,50,6038.5
39.028,5,9,PID,50,6323.5
39.050,-10,8,PID,50,7028.0
39.073,-10,8,PID,50,7028.0
39.095,-3,17,PID,50,8230.5
39.117,-2,15,PID,50,8236.0
39.141,-10,17,PID,50,7398.5
39.162,-3,23,PID,50,8434.0
39.185,-21,25,PID,50,9077.5
39.207,-20,26,PID,50,9139.5
39.233,-2,25,PID,50,8878.0
39.254,-10,17,PID,50,8477.5
39.278,-20,21,PID,50,9365.5
39.301,-20,21,PID,50,9389.0
39.323,-12,16,PID,50,8500.5
39.346,5,16,PID,50,6601.5
39.368,5,16,PID,50,6601.5
39.390,-13,14,PID,50,7495.5
39.411,-12,15,PID,50,7345.0
39.434,-12,15,PID,50,7343.5
39.455,-15,8,PID,50,7686.5
39.477,-14,11,PID,50,7538.0
39.498,-14,12,PID,50,7582.0
39.521,6,16,PID,50,6217.5
39.550,-11,12,PID,50,8375.0
39.574,-11,12,PID,50,8325.0
39.595,-9,11,PID,50,8087.0
39.617,8,15,PID,50,6113.5
39.642,8,17,PID,50,6270.5
39.666,8,16,PID,50,5789.5
39.688,-9,11,PID,50,8108.5
39.712,-12,5,PID,50,8213.5
39.736,-12,5,PID,50,8213.5
39.757,-22,13,PID,50,8774.5
39.778,-9,10,PID,50,7758.0
39.801,-9,9,PID,50,7689.0
39.823,9,8,PID,50,5826.5
39.844,5,13,PID,50,6080.0
39.868,4,15,PID,50,6186.0
39.895,-9,12,PID,50,8050.0
39.919,-20,14,PID,50,8069.5
39.944,9,7,PID,50,5730.5
39.968,9,7,PID,50,5730.5
39.989,-11,8,PID,50,7307.5
40.012,-11,8,PID,50,7307.5
40.036,-13,9,PID,50,7553.5
40.061,-11,6,PID,50,7521.0
40.082,-11,10,PID,50,7901.5
40.106,-10,10,PID,50,7968.5
40.130,-15,8,PID,50,7650.0
40.151,-18,7,PID,60,10383.0
40.174,-18,7,PID,60,10381.0
40.196,-18,3,PID,60,10139.5
40.224,-19,9,PID,50,8684.0
40.248,-13,5,PID,50,9369.5
40.271,-5,14,PID,50,9981.5
40.293,-5,16,PID,60,10161.0
40.314,-19,10,PID,60,10537.5
40.338,-20,8,PID,60,10375.5
40.360,-14,4,PID,50,8365.5
40.381,-14,7,PID,50,9292.0
40.404,-14,7,PID,50,9328.0
40.425,-16,4,PID,50,9891.0
40.446,-23,3,PID,60,11887.5
40.469,-23,3,PID,60,11877.5
40.490,-13,8,PID,50,8670.0
40.511,-15,6,PID,50,8191.5
40.535,-15,6,PID,50,8191.5
40.559,-15,6,PID,50,9204.0
40.580,6,4,PID,50,6094.0
40.603,6,4,PID,50,6094.0
40.625,-15,4,PID,50,8304.5
40.646,-21,6,PID,60,10387.5
40.669,-21,6,PID,60,10389.0
40.690,-10,4,PID,50,7719.0
40.712,-18,10,PID,50,8260.0
40.735,-17,11,PID,50,8373.5
40.756,5,14,PID,50,6582.5
40.777,-19,8,PID,60,10630.5
40.801,-19,7,PID,60,10496.0
40.823,-16,3,PID,50,9405.5
40.847,-14,6,PID,50,8878.0
40.870,-13,7,PID,50,8933.0
40.894,-13,7,PID,50,8338.0
40.916,-17,6,PID,50,8646.0
40.938,-17,6,PID,50,8658.0
40.959,-12,5,PID,50,8984.5
40.981,4,8,PID,50,7016.0
41.003,4,8,PID,50,7044.0
41.024,-17,4,PID,50,9384.5
41.046,4,10,PID,50,6072.5
41.069,4,10,PID,50,6072.5
41.090,4,11,PID,50,6856.5
41.112,-15,11,PID,50,8189.0
41.136,-14,10,PID,50,8151.5
41.157,-12,9,PID,50,8011.0
41.178,-11,10,PID,50,7668.0
41.203,-11,11,PID,50,7685.0
41.228,-19,12,PID,50,8694.5
41.249,-12,11,PID,50,8358.5
41.272,-12,10,PID,50,8344.5
41.294,0,14,PID,50,5817.5
41.316,-16,9,PID,50,7965.5
41.339,-16,9,PID,50,7965.5
41.360,-17,7,PID,50,8821.5
41.382,-14,5,PID,50,8667.5
41.405,-14,5,PID,50,8667.5
41.427,4,6,PID,50,6206.5
41.449,5,8,PID,50,5980.0
41.472,-17,5,PID,50,7929.5
41.494,-17,5,PID,50,7929.5
41.516,-15,5,PID,50,8321.0
41.542,-15,5,PID,50,8321.0
41.566,-16,10,PID,50,8880.0
41.588,8,7,PID,50,5752.5
41.609,-13,7,PID,50,7645.0
41.631,-13,7,PID,50,7641.0
41.652,-19,5,PID,60,10083.5
41.674,-14,6,PID,50,7636.0
41.695,-14,6,PID,50,7636.0
41.717,-16,2,PID,50,8710.5
41.740,-16,2,PID,50,8710.5
41.762,-16,6,PID,50,7819.0
41.784,-20,3,PID,50,9737.0
41.808,-17,7,PID,50,8155.0
41.830,-17,7,PID,50,8155.0
41.851,-16,7,PID,50,8081.0
41.882,-12,8,PID,50,8161.5
41.906,-12,9,PID,50,8246.5
41.928,2,9,PID,50,6586.5
41.949,3,6,PID,50,5862.5
41.971,3,6,PID,50,5862.5
41.994,4,4,PID,50,6134.5
42.016,2,3,PID,50,6126.0
42.039,2,3,PID,50,6126.0
42.063,1,7,PID,50,6428.5
42.084,-14,4,PID,50,8238.5
42.107,-14,3,PID,50,8289.5
42.131,8,5,PID,50,5701.0
42.152,-13,8,PID,50,7089.5
42.176,-17,9,PID,50,6666.0
42.197,-17,9,PID,50,6666.0
42.224,0,7,PID,50,6366.0
42.248,2,8,PID,50,6440.5
42.271,2,8,PID,50,6440.5
42.293,-22,11,PID,50,6309.5
42.314,-12,7,PID,50,7851.0
42.337,-12,7,PID,50,7851.0
42.358,-18,13,PID,50,7692.5
42.380,-16,10,PID,50,9431.0
42.402,-16,10,PID,50,9409.5
42.424,-12,7,PID,50,7250.5
42.445,-17,10,PID,50,6590.0
42.468,-17,10,PID,50,6590.0
42.489,5,12,PID,50,4624.0
42.511,0,12,PID,50,5913.0
42.533,0,12,PID,50,5913.0
42.558,-12,9,PID,50,7359.5
42.580,3,8,PID,50,5903.5
42.603,3,8,PID,50,5903.5
42.624,0,12,PID,50,5158.0
42.645,5,10,PID,50,5767.0
42.668,5,10,PID,50,5767.0
42.689,2,10,PID,50,6756.5
42.711,-13,8,PID,50,7408.0
42.735,-13,8,PID,50,7408.0
42.757,-3,14,PID,50,5301.0
42.778,-25,11,PID,50,9852.5
42.800,-25,12,PID,50,9879.0
42.822,1,10,PID,50,5609.5
42.844,-11,8,PID,50,6498.0
42.866,-11,8,PID,50,6498.0
42.892,-1,19,PID,50,3660.0
42.913,-14,8,PID,50,6842.5
42.935,-14,8,PID,50,6842.5
42.957,-11,7,PID,50,6375.0
42.978,-10,9,PID,50,6961.5
43.000,-10,9,PID,50,6961.5
43.021,-22,14,PID,50,5918.5
43.043,-10,7,PID,50,6618.5
43.065,-10,7,PID,50,6618.5
43.087,1,9,PID,50,5297.0
43.109,1,9,PID,50,5297.0
43.133,-15,7,PID,50,6183.5
43.155,-9,6,PID,50,7263.5
43.179,-12,8,PID,50,6447.5
43.202,3,10,PID,50,5928.5
43.228,3,10,PID,50,5928.5
43.250,-13,4,PID,50,8273.0
43.273,-13,4,PID,50,8273.0
43.297,-13,5,PID,50,7727.5
43.318,1,15,PID,50,4558.0
43.343,-16,4,PID,50,8673.5
43.364,-16,4,PID,50,8673.5
43.385,-12,7,PID,50,6874.5
43.408,-12,7,PID,50,6874.5
43.430,6,9,PID,50,5761.5
43.451,4,9,PID,50,5923.5
43.473,-14,9,PID,50,7337.5
43.496,-14,9,PID,50,7337.5
43.518,-6,10,PID,50,6643.0
43.547,5,8,PID,50,5807.5
43.572,5,8,PID,50,5807.5
43.595,-11,6,PID,50,6971.0
43.617,-17,8,PID,50,6501.5
43.641,-15,8,PID,50,6338.5
43.665,-15,8,PID,50,6338.5
43.687,-13,12,PID,50,6775.5
43.709,0,11,PID,50,5443.0
43.732,0,11,PID,50,5443.0
43.754,0,2,PID,50,5780.5
43.778,-10,8,PID,50,7575.0
43.800,-10,8,PID,50,7575.0
43.822,-11,10,PID,50,6948.0
43.843,-15,9,PID,50,6544.5
43.866,-15,9,PID,50,6544.5
43.890,-17,5,PID,50,8447.0
43.912,0,11,PID,50,5535.5
43.934,0,11,PID,50,5535.5
43.956,-14,10,PID,50,7116.5
43.977,-14,9,PID,50,6955.5
44.001,-14,9,PID,50,6955.5
44.022,-1,14,PID,50,5240.0
44.044,-14,12,PID,50,6101.0
44.066,-14,12,PID,50,6101.0
44.088,-1,9,PID,50,5862.5
44.109,2,10,PID,50,6524.5
44.133,2,10,PID,50,6524.5
44.154,-1,13,PID,50,6030.5
44.175,-13,9,PID,50,6473.0
44.199,-13,9,PID,50,6473.0
44.223,4,6,PID,50,6513.5
44.247,4,6,PID,50,6513.5
44.271,-17,8,PID,50,6665.0
44.293,-17,8,PID,50,6665.0
44.315,-10,8,PID,50,6830.0
44.339,2,7,PID,50,6154.0
44.361,2,7,PID,50,6154.0
44.382,-14,8,PID,50,7729.5
44.408,-13,8,PID,50,6330.5
44.432,-13,8,PID,50,6330.5
44.453,0,13,PID,50,5112.5
44.474,-10,8,PID,50,7708.5
44.496,-10,8,PID,50,7708.5
44.517,2,13,PID,50,5404.0
44.546,-13,4,PID,50,9208.5
44.569,-13,4,PID,50,9208.5
44.590,2,10,PID,50,6276.0
44.612,-14,7,PID,50,7206.0
44.635,-14,7,PID,50,7206.0
44.656,-14,7,PID,50,7592.5
44.678,-14,8,PID,50,7717.5
44.701,-14,8,PID,50,7717.5
44.722,-10,6,PID,50,7863.5
44.743,-11,6,PID,50,7578.0
44.766,-11,6,PID,50,7578.0
44.788,-18,5,PID,50,8699.5
44.809,-15,10,PID,50,7228.0
44.833,-15,10,PID,50,7228.0
44.854,-21,7,PID,50,8809.5
44.881,-18,4,PID,50,9280.5
44.906,-15,9,PID,50,6874.0
44.928,-15,9,PID,50,6874.0
44.952,-16,5,PID,50,9338.5
44.975,-14,7,PID,50,7900.5
44.997,-14,7,PID,50,7900.5
45.019,-11,9,PID,50,6843.5
45.040,-8,5,PID,50,7541.0
45.063,-8,5,PID,50,7541.0
45.084,-15,9,PID,50,7449.5
45.110,-12,10,PID,50,8141.0
45.132,-12,10,PID,50,8181.5
45.153,-15,5,PID,50,8220.5
45.174,-12,5,PID,50,7889.5
45.198,-12,5,PID,50,7889.5
45.223,-11,8,PID,50,7062.0
45.246,-10,4,PID,50,7533.0
45.268,-10,4,PID,50,7533.0
45.289,-1,4,PID,50,5985.0
45.312,-13,4,PID,50,7209.0
45.334,-13,4,PID,50,7209.0
45.356,-9,6,PID,50,7312.0
45.379,-14,4,PID,50,7773.0
45.401,-14,4,PID,50,7773.0
45.423,-11,3,PID,50,8383.5
45.444,-16,3,PID,50,8921.0
45.467,-16,3,PID,50,8921.0
45.489,-12,7,PID,50,7380.5
45.511,-13,4,PID,50,8177.5
45.535,0,7,PID,50,7281.5
45.558,0,7,PID,50,7281.5
45.580,-12,5,PID,50,7902.5
45.603,-12,5,PID,50,7902.5
45.624,-11,7,PID,50,7861.0
45.646,-13,11,PID,50,8347.5
45.669,-13,11,PID,50,8378.5
45.692,-6,5,PID,50,7916.5
45.713,5,6,PID,50,6127.5
45.736,5,6,PID,50,6127.5
45.759,-7,4,PID,50,8156.0
45.780,6,5,PID,50,6703.5
45.803,6,5,PID,50,6703.5
45.826,-13,1,PID,50,9361.5
45.849,-10,6,PID,50,7496.0
45.873,-7,5,PID,50,7549.5
45.897,-7,5,PID,50,7549.5
45.918,-16,7,PID,50,8032.0
45.941,-13,8,PID,50,8608.5
45.963,-13,8,PID,50,8608.5
45.986,-9,4,PID,50,8075.5
46.010,-10,7,PID,50,7478.0
46.036,-8,9,PID,50,9760.0
46.065,-8,9,PID,50,9701.0
46.087,-12,0,PID,50,9825.5
46.109,-10,5,PID,50,8231.0
46.130,-10,5,PID,50,8231.0
46.152,-9,5,PID,50,7323.5
46.177,-9,5,PID,50,7323.5
46.201,-12,7,PID,50,8131.0
46.226,-12,8,PID,50,7797.0
46.248,-12,4,PID,50,7448.0
46.271,-12,4,PID,50,7448.0
46.292,-14,7,PID,50,7043.0
46.315,-13,8,PID,50,7162.5
46.341,-13,9,PID,50,7968.5
46.365,-13,9,PID,50,7968.5
46.387,-12,8,PID,50,7148.0
46.410,-19,3,PID,50,8928.0
46.432,-19,3,PID,50,8928.0
46.454,-9,6,PID,50,7121.0
46.475,2,6,PID,50,7110.5
46.499,2,6,PID,50,7110.5
46.520,-9,7,PID,50,7224.5
46.542,4,6,PID,50,6924.0
46.566,4,6,PID,50,6924.0
46.587,-14,7,PID,50,8807.5
46.610,-9,4,PID,50,8266.5
46.635,-15,8,PID,50,7057.5
46.659,-15,8,PID,50,7057.5
46.681,-13,6,PID,50,7555.5
46.707,-10,7,PID,50,7485.0
46.731,-10,7,PID,50,7485.0
46.753,5,11,PID,50,6323.5
46.776,-11,6,PID,50,7304.0
46.799,-11,6,PID,50,7304.0
46.821,-15,1,PID,50,8905.0
46.843,7,15,PID,50,6812.0
46.869,7,15,PID,50,6812.0
46.893,-10,4,PID,50,7673.5
46.915,-9,8,PID,50,6583.0
46.941,-14,7,PID,50,7794.0
46.963,-14,7,PID,50,7794.0
46.984,-13,1,PID,50,9832.5
47.009,-13,1,PID,50,9799.0
47.034,-12,7,PID,50,7453.5
47.056,-13,5,PID,50,7785.0
47.078,-11,5,PID,50,7198.0
47.103,-8,4,PID,50,7390.0
47.125,-8,4,PID,50,7390.0
47.147,-9,4,PID,50,7642.0
47.173,-17,10,PID,50,9049.5
47.198,-17,10,PID,50,9085.5
47.224,-15,7,PID,50,8503.0
47.248,-13,3,PID,50,8183.5
47.274,-14,2,PID,50,8171.5
47.298,-14,2,PID,50,8171.5
47.319,-17,1,PID,50,9576.5
47.343,-13,1,PID,50,8375.5
47.367,-13,1,PID,50,8375.5
47.390,-13,2,PID,50,7455.0
47.411,-16,5,PID,50,7547.0
47.434,-16,5,PID,50,7547.0
47.456,-13,6,PID,50,7058.5
