Czas_s,Uchyb_X_px,Uchyb_Y_px,Kp_Pan,Kd_Pan,Kp_Tilt,Kd_Tilt
0.014,-86,-75,0.01,0.001,0.01,0.001
0.036,-81,-79,0.01,0.001,0.01,0.001
0.058,-72,-85,0.01,0.001,0.01,0.001
0.085,-59,-90,0.01,0.001,0.01,0.001
0.109,-46,-96,0.01,0.001,0.01,0.001
0.132,-38,-98,0.01,0.001,0.01,0.001
0.154,-28,-103,0.01,0.001,0.01,0.001
0.175,-14,-108,0.01,0.001,0.01,0.001
0.199,-7,-110,0.01,0.001,0.01,0.001
0.221,2,-111,0.01,0.001,0.01,0.001
0.243,15,-107,0.01,0.001,0.01,0.001
0.267,27,-99,0.01,0.001,0.01,0.001
0.290,34,-92,0.01,0.001,0.01,0.001
0.312,44,-78,0.01,0.001,0.01,0.001
0.335,53,-67,0.01,0.001,0.01,0.001
0.359,63,-53,0.01,0.001,0.01,0.001
0.381,70,-43,0.01,0.001,0.01,0.001
0.410,72,-41,0.01,0.001,0.01,0.001
0.433,77,-39,0.01,0.001,0.01,0.001
0.456,82,-36,0.01,0.001,0.01,0.001
0.478,81,-35,0.01,0.001,0.01,0.001
0.501,81,-35,0.01,0.001,0.01,0.001
0.526,73,-35,0.01,0.001,0.01,0.001
0.547,61,-42,0.01,0.001,0.01,0.001
0.572,42,-38,0.01,0.001,0.01,0.001
0.595,30,-44,0.01,0.001,0.01,0.001
0.622,-83,-98,0.01,0.001,0.01,0.001
0.647,-151,-58,0.01,0.001,0.01,0.001
0.671,-138,-30,0.01,0.001,0.01,0.001
0.693,-126,-12,0.01,0.001,0.01,0.001
0.714,-67,51,0.01,0.001,0.01,0.001
0.742,-110,117,0.01,0.001,0.01,0.001
0.770,-141,166,0.01,0.001,0.01,0.001
0.791,-147,182,0.01,0.001,0.01,0.001
0.812,-158,183,0.01,0.001,0.01,0.001
0.834,-158,183,0.01,0.001,0.01,0.001
0.855,-186,168,0.01,0.001,0.01,0.001
0.876,-199,157,0.01,0.001,0.01,0.001
0.898,-203,152,0.01,0.001,0.01,0.001
0.920,-197,149,0.01,0.001,0.01,0.001
0.940,-193,148,0.01,0.001,0.01,0.001
0.963,-191,148,0.01,0.001,0.01,0.001
0.986,-186,146,0.01,0.001,0.01,0.001
1.007,-176,143,0.01,0.001,0.01,0.001
1.029,-170,142,0.01,0.001,0.01,0.001
1.050,-155,139,0.01,0.001,0.01,0.001
1.074,-136,133,0.01,0.001,0.01,0.001
1.098,-128,130,0.01,0.001,0.01,0.001
1.122,-116,121,0.01,0.001,0.01,0.001
1.143,-107,108,0.01,0.001,0.01,0.001
1.166,-107,100,0.01,0.001,0.01,0.001
1.189,-102,88,0.01,0.001,0.01,0.001
1.210,-100,72,0.01,0.001,0.01,0.001
1.232,-97,58,0.01,0.001,0.01,0.001
1.253,-86,38,0.01,0.001,0.01,0.001
1.274,-70,14,0.01,0.001,0.01,0.001
1.297,-63,-7,0.01,0.001,0.01,0.001
1.319,-49,-30,0.01,0.001,0.01,0.001
1.339,-35,-54,0.01,0.001,0.01,0.001
1.362,-30,-72,0.01,0.001,0.01,0.001
1.382,-22,-88,0.01,0.001,0.01,0.001
1.409,-12,-101,0.01,0.001,0.01,0.001
1.430,-10,-110,0.01,0.001,0.01,0.001
1.451,-5,-117,0.01,0.001,0.01,0.001
1.472,1,-122,0.01,0.001,0.01,0.001
1.494,3,-126,0.01,0.001,0.01,0.001
1.515,8,-128,0.01,0.001,0.01,0.001
1.536,4,-129,0.01,0.001,0.01,0.001
1.559,3,-131,0.01,0.001,0.01,0.001
1.580,-10,-130,0.01,0.001,0.01,0.001
1.602,-13,-130,0.01,0.001,0.01,0.001
1.625,-28,-127,0.01,0.001,0.01,0.001
1.646,-45,-122,0.01,0.001,0.01,0.001
1.668,-63,-114,0.01,0.001,0.01,0.001
1.692,-68,-106,0.01,0.001,0.01,0.001
1.714,-82,-95,0.01,0.001,0.01,0.001
1.741,-87,-86,0.01,0.001,0.01,0.001
1.764,-99,-75,0.01,0.001,0.01,0.001
1.786,-108,-62,0.01,0.001,0.01,0.001
1.807,-122,-47,0.01,0.001,0.01,0.001
1.830,-121,-37,0.01,0.001,0.01,0.001
1.851,-118,-22,0.01,0.001,0.01,0.001
1.873,-117,-2,0.01,0.001,0.01,0.001
1.897,-108,14,0.01,0.001,0.01,0.001
1.919,-96,41,0.01,0.001,0.01,0.001
1.940,-75,80,0.01,0.001,0.01,0.001
1.963,-57,107,0.01,0.001,0.01,0.001
1.986,-29,132,0.01,0.001,0.01,0.001
2.008,0,152,0.01,0.001,0.01,0.001
2.031,5,159,0.01,0.001,0.01,0.001
2.055,31,159,0.01,0.001,0.01,0.001
2.081,57,155,0.01,0.001,0.01,0.001
2.105,83,153,0.01,0.001,0.01,0.001
2.128,85,153,0.01,0.001,0.01,0.001
2.148,110,150,0.01,0.001,0.01,0.001
2.169,122,147,0.01,0.001,0.01,0.001
2.192,122,146,0.01,0.001,0.01,0.001
2.212,124,143,0.01,0.001,0.01,0.001
2.236,109,142,0.01,0.001,0.01,0.001
2.259,109,141,0.01,0.001,0.01,0.001
2.280,89,140,0.01,0.001,0.01,0.001
2.304,70,133,0.01,0.001,0.01,0.001
2.329,71,129,0.01,0.001,0.01,0.001
2.352,60,117,0.01,0.001,0.01,0.001
2.374,47,102,0.01,0.001,0.01,0.001
2.397,35,83,0.01,0.001,0.01,0.001
2.420,40,73,0.01,0.001,0.01,0.001
2.443,33,56,0.01,0.001,0.01,0.001
2.466,35,44,0.01,0.001,0.01,0.001
2.487,8,23,0.01,0.001,0.01,0.001
2.508,4,5,0.01,0.001,0.01,0.001
2.531,3,-10,0.01,0.001,0.01,0.001
2.552,6,-15,0.01,0.001,0.01,0.001
2.573,-5,-26,0.01,0.001,0.01,0.001
2.595,-3,-29,0.01,0.001,0.01,0.001
2.617,-5,-39,0.01,0.001,0.01,0.001
2.639,4,-49,0.01,0.001,0.01,0.001
2.662,5,-51,0.01,0.001,0.01,0.001
2.683,20,-55,0.01,0.001,0.01,0.001
2.705,38,-54,0.01,0.001,0.01,0.001
2.728,38,-53,0.01,0.001,0.01,0.001
2.752,54,-49,0.01,0.001,0.01,0.001
2.773,70,-42,0.01,0.001,0.01,0.001
2.795,71,-40,0.01,0.001,0.01,0.001
2.816,85,-31,0.01,0.001,0.01,0.001
2.837,83,-17,0.01,0.001,0.01,0.001
2.859,80,-11,0.01,0.001,0.01,0.001
2.880,84,-9,0.01,0.001,0.01,0.001
2.901,69,3,0.01,0.001,0.01,0.001
2.922,67,8,0.01,0.001,0.01,0.001
2.943,58,16,0.01,0.001,0.01,0.001
2.966,57,19,0.01,0.001,0.01,0.001
2.988,55,23,0.01,0.001,0.01,0.001
3.009,50,28,0.01,0.001,0.01,0.001
3.033,41,34,0.01,0.001,0.01,0.001
3.055,36,42,0.01,0.001,0.01,0.001
3.083,17,52,0.01,0.001,0.01,0.001
3.104,-3,60,0.01,0.001,0.01,0.001
3.128,-11,64,0.01,0.001,0.01,0.001
3.149,-23,67,0.01,0.001,0.01,0.001
3.170,-35,64,0.01,0.001,0.01,0.001
3.193,-43,54,0.01,0.001,0.01,0.001
3.214,-43,48,0.01,0.001,0.01,0.001
3.235,-44,27,0.01,0.001,0.01,0.001
3.257,-46,13,0.01,0.001,0.01,0.001
3.278,-29,-2,0.01,0.001,0.01,0.001
3.301,-5,-16,0.01,0.001,0.01,0.001
3.322,-4,-28,0.01,0.001,0.01,0.001
3.343,33,-48,0.01,0.001,0.01,0.001
3.367,68,-59,0.01,0.001,0.01,0.001
3.389,77,-68,0.01,0.001,0.01,0.001
3.415,104,-72,0.01,0.001,0.01,0.001
3.436,133,-69,0.01,0.001,0.01,0.001
3.460,141,-71,0.01,0.001,0.01,0.001
3.481,166,-60,0.01,0.001,0.01,0.001
3.502,172,-47,0.01,0.001,0.01,0.001
3.525,172,-42,0.01,0.001,0.01,0.001
3.545,170,-29,0.01,0.001,0.01,0.001
3.567,154,-13,0.01,0.001,0.01,0.001
3.590,151,-9,0.01,0.001,0.01,0.001
3.611,136,2,0.01,0.001,0.01,0.001
3.634,134,4,0.01,0.001,0.01,0.001
3.658,126,16,0.01,0.001,0.01,0.001
3.679,111,24,0.01,0.001,0.01,0.001
3.700,99,31,0.01,0.001,0.01,0.001
3.721,98,33,0.01,0.001,0.01,0.001
3.747,90,40,0.01,0.001,0.01,0.001
3.767,78,45,0.01,0.001,0.01,0.001
3.790,78,49,0.01,0.001,0.01,0.001
3.811,58,46,0.01,0.001,0.01,0.001
3.833,43,44,0.01,0.001,0.01,0.001
3.857,39,43,0.01,0.001,0.01,0.001
3.878,23,37,0.01,0.001,0.01,0.001
3.900,-2,18,0.01,0.001,0.01,0.001
3.921,-10,5,0.01,0.001,0.01,0.001
3.942,-23,-9,0.01,0.001,0.01,0.001
3.965,-38,-27,0.01,0.001,0.01,0.001
3.987,-44,-38,0.01,0.001,0.01,0.001
4.008,-52,-53,0.01,0.001,0.01,0.001
4.032,-58,-73,0.01,0.001,0.01,0.001
4.053,-63,-83,0.01,0.001,0.01,0.001
4.079,-55,-93,0.01,0.001,0.01,0.001
4.103,-42,-98,0.01,0.001,0.01,0.001
4.126,-40,-100,0.01,0.001,0.01,0.001
4.146,-29,-101,0.01,0.001,0.01,0.001
4.167,-19,-101,0.01,0.001,0.01,0.001
4.190,-11,-99,0.01,0.001,0.01,0.001
4.211,1,-99,0.01,0.001,0.01,0.001
4.234,6,-97,0.01,0.001,0.01,0.001
4.258,21,-99,0.01,0.001,0.01,0.001
4.278,40,-101,0.01,0.001,0.01,0.001
4.302,53,-98,0.01,0.001,0.01,0.001
4.323,58,-95,0.01,0.001,0.01,0.001
4.344,62,-89,0.01,0.001,0.01,0.001
4.368,60,-81,0.01,0.001,0.01,0.001
4.391,62,-77,0.01,0.001,0.01,0.001
4.415,51,-72,0.01,0.001,0.01,0.001
4.436,-31,-89,0.01,0.001,0.01,0.001
4.460,-55,-69,0.01,0.001,0.01,0.001
4.482,-108,-28,0.01,0.001,0.01,0.001
4.503,-149,14,0.01,0.001,0.01,0.001
4.526,-140,40,0.01,0.001,0.01,0.001
4.548,-141,68,0.01,0.001,0.01,0.001
4.568,-144,89,0.01,0.001,0.01,0.001
4.592,-143,105,0.01,0.001,0.01,0.001
4.613,-142,117,0.01,0.001,0.01,0.001
4.634,-141,130,0.01,0.001,0.01,0.001
4.657,-140,140,0.01,0.001,0.01,0.001
4.679,-135,150,0.01,0.001,0.01,0.001
4.703,-126,155,0.01,0.001,0.01,0.001
4.726,-111,159,0.01,0.001,0.01,0.001
4.750,-104,161,0.01,0.001,0.01,0.001
4.771,-91,163,0.01,0.001,0.01,0.001
4.794,-85,164,0.01,0.001,0.01,0.001
4.814,-71,164,0.01,0.001,0.01,0.001
4.836,-53,165,0.01,0.001,0.01,0.001
4.859,-44,165,0.01,0.001,0.01,0.001
4.879,-28,164,0.01,0.001,0.01,0.001
4.900,-8,164,0.01,0.001,0.01,0.001
4.923,4,163,0.01,0.001,0.01,0.001
4.943,22,159,0.01,0.001,0.01,0.001
4.967,44,154,0.01,0.001,0.01,0.001
4.988,54,152,0.01,0.001,0.01,0.001
5.009,64,144,0.01,0.001,0.01,0.001
5.030,67,142,0.01,0.001,0.01,0.001
5.052,73,140,0.01,0.001,0.01,0.001
5.079,70,131,0.01,0.001,0.01,0.001
5.102,71,127,0.01,0.001,0.01,0.001
5.127,58,116,0.01,0.001,0.01,0.001
5.150,33,101,0.01,0.001,0.01,0.001
5.171,-8,81,0.01,0.001,0.01,0.001
5.194,-17,60,0.01,0.001,0.01,0.001
5.214,-50,39,0.01,0.001,0.01,0.001
5.235,-93,13,0.01,0.001,0.01,0.001
5.260,-106,-5,0.01,0.001,0.01,0.001
5.280,-130,-19,0.01,0.001,0.01,0.001
5.302,-164,-36,0.01,0.001,0.01,0.001
5.326,-176,-48,0.01,0.001,0.01,0.001
5.347,-195,-60,0.01,0.001,0.01,0.001
5.370,-203,-72,0.01,0.001,0.01,0.001
5.393,-198,-83,0.01,0.001,0.01,0.001
5.420,-199,-91,0.01,0.001,0.01,0.001
5.440,-192,-100,0.01,0.001,0.01,0.001
5.464,-191,-108,0.01,0.001,0.01,0.001
5.487,-182,-113,0.01,0.001,0.01,0.001
5.508,-173,-116,0.01,0.001,0.01,0.001
5.531,-167,-119,0.01,0.001,0.01,0.001
5.552,-159,-121,0.01,0.001,0.01,0.001
5.574,-147,-122,0.01,0.001,0.01,0.001
5.597,-141,-123,0.01,0.001,0.01,0.001
5.618,-133,-122,0.01,0.001,0.01,0.001
5.640,-120,-120,0.01,0.001,0.01,0.001
5.663,-106,-117,0.01,0.001,0.01,0.001
5.685,-101,-113,0.01,0.001,0.01,0.001
5.707,-92,-108,0.01,0.001,0.01,0.001
5.728,-88,-104,0.01,0.001,0.01,0.001
5.754,-78,-99,0.01,0.001,0.01,0.001
5.775,-66,-94,0.01,0.001,0.01,0.001
5.797,-62,-90,0.01,0.001,0.01,0.001
5.819,-53,-87,0.01,0.001,0.01,0.001
5.840,-40,-86,0.01,0.001,0.01,0.001
5.863,-35,-84,0.01,0.001,0.01,0.001
5.886,-25,-83,0.01,0.001,0.01,0.001
5.910,-11,-81,0.01,0.001,0.01,0.001
5.933,5,-68,0.01,0.001,0.01,0.001
5.955,11,-62,0.01,0.001,0.01,0.001
5.976,30,-49,0.01,0.001,0.01,0.001
5.999,39,-43,0.01,0.001,0.01,0.001
6.023,63,-26,0.01,0.001,0.01,0.001
6.045,80,-5,0.01,0.001,0.01,0.001
6.070,90,19,0.01,0.001,0.01,0.001
6.093,87,38,0.01,0.001,0.01,0.001
6.114,83,95,0.01,0.001,0.01,0.001
6.135,47,137,0.01,0.001,0.01,0.001
6.159,27,157,0.01,0.001,0.01,0.001
6.179,-1,163,0.01,0.001,0.01,0.001
6.199,-25,165,0.01,0.001,0.01,0.001
6.222,-25,165,0.01,0.001,0.01,0.001
6.242,-47,165,0.01,0.001,0.01,0.001
6.266,-47,165,0.01,0.001,0.01,0.001
6.289,-73,167,0.01,0.001,0.01,0.001
6.311,-99,168,0.01,0.001,0.01,0.001
6.334,-110,167,0.01,0.001,0.01,0.001
6.355,-110,167,0.01,0.001,0.01,0.001
6.377,-114,167,0.01,0.001,0.01,0.001
6.398,-114,167,0.01,0.001,0.01,0.001
6.419,-103,164,0.01,0.001,0.01,0.001
6.440,-90,160,0.01,0.001,0.01,0.001
6.463,-90,158,0.01,0.001,0.01,0.001
6.485,-72,156,0.01,0.001,0.01,0.001
6.505,-58,155,0.01,0.001,0.01,0.001
6.530,-58,155,0.01,0.001,0.01,0.001
6.553,-49,153,0.01,0.001,0.01,0.001
6.574,-32,150,0.01,0.001,0.01,0.001
6.597,-23,139,0.01,0.001,0.01,0.001
6.618,-23,135,0.01,0.001,0.01,0.001
6.640,-8,120,0.01,0.001,0.01,0.001
6.662,-6,115,0.01,0.001,0.01,0.001
6.686,12,99,0.01,0.001,0.01,0.001
6.708,30,79,0.01,0.001,0.01,0.001
6.735,30,65,0.01,0.001,0.01,0.001
6.760,47,43,0.01,0.001,0.01,0.001
6.781,32,17,0.01,0.001,0.01,0.001
6.802,49,-4,0.01,0.001,0.01,0.001
6.825,54,-13,0.01,0.001,0.01,0.001
6.845,39,-33,0.01,0.001,0.01,0.001
6.868,22,-52,0.01,0.001,0.01,0.001
6.891,26,-59,0.01,0.001,0.01,0.001
6.913,2,-72,0.01,0.001,0.01,0.001
6.938,5,-77,0.01,0.001,0.01,0.001
6.961,-19,-87,0.01,0.001,0.01,0.001
6.983,-34,-92,0.01,0.001,0.01,0.001
7.003,-44,-93,0.01,0.001,0.01,0.001
7.026,-43,-94,0.01,0.001,0.01,0.001
7.047,7,-84,0.01,0.001,0.01,0.001
7.073,-17,-90,0.01,0.001,0.01,0.001
7.097,-16,-92,0.01,0.001,0.01,0.001
7.118,-47,-92,0.01,0.001,0.01,0.001
7.143,3,-75,0.01,0.001,0.01,0.001
7.165,11,-72,0.01,0.001,0.01,0.001
7.187,48,-66,0.01,0.001,0.01,0.001
7.207,79,-59,0.01,0.001,0.01,0.001
7.232,97,-47,0.01,0.001,0.01,0.001
7.255,98,-43,0.01,0.001,0.01,0.001
7.276,128,-25,0.01,0.001,0.01,0.001
7.301,128,-16,0.01,0.001,0.01,0.001
7.322,141,-1,0.01,0.001,0.01,0.001
7.343,139,15,0.01,0.001,0.01,0.001
7.369,135,25,0.01,0.001,0.01,0.001
7.392,130,35,0.01,0.001,0.01,0.001
7.414,122,43,0.01,0.001,0.01,0.001
7.435,117,57,0.01,0.001,0.01,0.001
7.457,114,63,0.01,0.001,0.01,0.001
7.478,118,54,0.01,0.001,0.01,0.001
7.502,107,58,0.01,0.001,0.01,0.001
7.525,110,71,0.01,0.001,0.01,0.001
7.546,110,78,0.01,0.001,0.01,0.001
7.567,87,83,0.01,0.001,0.01,0.001
7.591,83,87,0.01,0.001,0.01,0.001
7.611,73,86,0.01,0.001,0.01,0.001
7.640,60,79,0.01,0.001,0.01,0.001
7.674,41,62,0.01,0.001,0.01,0.001
7.698,40,52,0.01,0.001,0.01,0.001
7.720,12,31,0.01,0.001,0.01,0.001
7.745,2,13,0.01,0.001,0.01,0.001
7.768,-1,-4,0.01,0.001,0.01,0.001
7.789,2,-8,0.01,0.001,0.01,0.001
7.811,-13,-25,0.01,0.001,0.01,0.001
7.832,-10,-29,0.01,0.001,0.01,0.001
7.855,-19,-43,0.01,0.001,0.01,0.001
7.877,-19,-58,0.01,0.001,0.01,0.001
7.898,-16,-62,0.01,0.001,0.01,0.001
7.922,-12,-72,0.01,0.001,0.01,0.001
7.943,-2,-75,0.01,0.001,0.01,0.001
7.966,3,-75,0.01,0.001,0.01,0.001
7.989,3,-75,0.01,0.001,0.01,0.001
8.010,8,-75,0.01,0.001,0.01,0.001
8.033,15,-73,0.01,0.001,0.01,0.001
8.054,16,-72,0.01,0.001,0.01,0.001
8.080,25,-71,0.01,0.001,0.01,0.001
8.104,31,-66,0.01,0.001,0.01,0.001
8.127,38,-58,0.01,0.001,0.01,0.001
8.148,42,-53,0.01,0.001,0.01,0.001
8.169,51,-46,0.01,0.001,0.01,0.001
8.192,56,-42,0.01,0.001,0.01,0.001
8.213,62,-33,0.01,0.001,0.01,0.001
8.234,63,-24,0.01,0.001,0.01,0.001
8.257,67,-18,0.01,0.001,0.01,0.001
8.278,64,-12,0.01,0.001,0.01,0.001
8.303,62,-8,0.01,0.001,0.01,0.001
8.324,63,-6,0.01,0.001,0.01,0.001
8.345,63,-2,0.01,0.001,0.01,0.001
8.367,84,30,0.01,0.001,0.01,0.001
8.389,62,65,0.01,0.001,0.01,0.001
8.415,33,102,0.01,0.001,0.01,0.001
8.435,-2,129,0.01,0.001,0.01,0.001
8.458,-16,142,0.01,0.001,0.01,0.001
8.480,-31,147,0.01,0.001,0.01,0.001
8.502,-40,146,0.01,0.001,0.01,0.001
8.524,-40,146,0.01,0.001,0.01,0.001
8.545,-52,140,0.01,0.001,0.01,0.001
8.566,-66,129,0.01,0.001,0.01,0.001
8.587,-68,125,0.01,0.001,0.01,0.001
8.609,-72,110,0.01,0.001,0.01,0.001
8.631,-73,105,0.01,0.001,0.01,0.001
8.653,-58,92,0.01,0.001,0.01,0.001
8.673,-32,80,0.01,0.001,0.01,0.001
8.695,-21,65,0.01,0.001,0.01,0.001
8.717,17,54,0.01,0.001,0.01,0.001
8.742,62,33,0.01,0.001,0.01,0.001
8.767,67,16,0.01,0.001,0.01,0.001
8.790,89,-4,0.01,0.001,0.01,0.001
8.810,116,-23,0.01,0.001,0.01,0.001
8.831,144,-46,0.01,0.001,0.01,0.001
8.854,152,-60,0.01,0.001,0.01,0.001
8.876,168,-77,0.01,0.001,0.01,0.001
8.899,179,-94,0.01,0.001,0.01,0.001
8.922,182,-101,0.01,0.001,0.01,0.001
8.944,173,-102,0.01,0.001,0.01,0.001
8.965,172,-103,0.01,0.001,0.01,0.001
8.985,156,-97,0.01,0.001,0.01,0.001
9.006,135,-88,0.01,0.001,0.01,0.001
9.030,132,-87,0.01,0.001,0.01,0.001
9.053,114,-79,0.01,0.001,0.01,0.001
9.081,97,-63,0.01,0.001,0.01,0.001
9.102,76,-51,0.01,0.001,0.01,0.001
9.125,72,-49,0.01,0.001,0.01,0.001
9.146,56,-42,0.01,0.001,0.01,0.001
9.167,41,-42,0.01,0.001,0.01,0.001
9.188,33,-43,0.01,0.001,0.01,0.001
9.210,7,-38,0.01,0.001,0.01,0.001
9.232,-17,-34,0.01,0.001,0.01,0.001
9.255,-25,-34,0.01,0.001,0.01,0.001
9.277,-45,-31,0.01,0.001,0.01,0.001
9.300,-77,-33,0.01,0.001,0.01,0.001
9.322,-96,-38,0.01,0.001,0.01,0.001
9.343,-139,-33,0.01,0.001,0.01,0.001
9.364,-147,-21,0.01,0.001,0.01,0.001
9.385,-147,-8,0.01,0.001,0.01,0.001
9.410,-143,10,0.01,0.001,0.01,0.001
9.433,-139,30,0.01,0.001,0.01,0.001
9.455,-136,44,0.01,0.001,0.01,0.001
9.475,-124,62,0.01,0.001,0.01,0.001
9.499,-84,104,0.01,0.001,0.01,0.001
9.522,-58,130,0.01,0.001,0.01,0.001
9.543,-18,155,0.01,0.001,0.01,0.001
9.566,24,163,0.01,0.001,0.01,0.001
9.589,48,161,0.01,0.001,0.01,0.001
9.609,77,159,0.01,0.001,0.01,0.001
9.631,93,159,0.01,0.001,0.01,0.001
9.653,111,155,0.01,0.001,0.01,0.001
9.674,129,149,0.01,0.001,0.01,0.001
9.702,141,144,0.01,0.001,0.01,0.001
9.724,142,142,0.01,0.001,0.01,0.001
9.747,136,139,0.01,0.001,0.01,0.001
9.768,119,134,0.01,0.001,0.01,0.001
9.791,116,131,0.01,0.001,0.01,0.001
9.813,96,122,0.01,0.001,0.01,0.001
9.834,65,108,0.01,0.001,0.01,0.001
9.857,57,103,0.01,0.001,0.01,0.001
9.877,27,93,0.01,0.001,0.01,0.001
9.898,-14,76,0.01,0.001,0.01,0.001
9.920,-28,58,0.01,0.001,0.01,0.001
9.942,-59,40,0.01,0.001,0.01,0.001
9.964,-70,28,0.01,0.001,0.01,0.001
9.987,-99,15,0.01,0.001,0.01,0.001
10.008,-131,0,0.01,0.001,0.01,0.001
10.031,-163,-16,0.01,0.001,0.01,0.001
10.052,-174,-27,0.01,0.001,0.01,0.001
10.081,-191,-41,0.01,0.001,0.01,0.001
10.106,-197,-59,0.01,0.001,0.01,0.001
10.130,-198,-70,0.01,0.001,0.01,0.001
10.162,-190,-82,0.01,0.001,0.01,0.001
10.185,-175,-91,0.01,0.001,0.01,0.001
10.208,-170,-98,0.01,0.001,0.01,0.001
10.230,-152,-102,0.01,0.001,0.01,0.001
10.252,-144,-106,0.01,0.001,0.01,0.001
10.274,-133,-109,0.01,0.001,0.01,0.001
10.298,-157,-110,0.01,0.001,0.01,0.001
10.319,-167,-113,0.01,0.001,0.01,0.001
10.341,-158,-117,0.01,0.001,0.01,0.001
10.364,-138,-118,0.01,0.001,0.01,0.001
10.386,-128,-119,0.01,0.001,0.01,0.001
10.411,-110,-118,0.01,0.001,0.01,0.001
10.435,-95,-115,0.01,0.001,0.01,0.001
10.457,-88,-112,0.01,0.001,0.01,0.001
10.477,-82,-110,0.01,0.001,0.01,0.001
10.500,-75,-104,0.01,0.001,0.01,0.001
10.524,-74,-100,0.01,0.001,0.01,0.001
10.545,-71,-92,0.01,0.001,0.01,0.001
10.566,-76,-77,0.01,0.001,0.01,0.001
10.589,-81,-71,0.01,0.001,0.01,0.001
10.610,-89,-56,0.01,0.001,0.01,0.001
10.633,-88,-34,0.01,0.001,0.01,0.001
10.655,-93,-22,0.01,0.001,0.01,0.001
10.676,-99,9,0.01,0.001,0.01,0.001
10.699,-103,66,0.01,0.001,0.01,0.001
10.721,-74,111,0.01,0.001,0.01,0.001
10.748,-46,146,0.01,0.001,0.01,0.001
10.769,-23,169,0.01,0.001,0.01,0.001
10.790,-10,170,0.01,0.001,0.01,0.001
10.811,4,172,0.01,0.001,0.01,0.001
10.831,16,173,0.01,0.001,0.01,0.001
10.854,22,173,0.01,0.001,0.01,0.001
10.875,31,171,0.01,0.001,0.01,0.001
10.897,34,171,0.01,0.001,0.01,0.001
10.919,44,168,0.01,0.001,0.01,0.001
10.941,46,168,0.01,0.001,0.01,0.001
10.964,45,166,0.01,0.001,0.01,0.001
10.986,45,166,0.01,0.001,0.01,0.001
11.007,32,165,0.01,0.001,0.01,0.001
11.029,7,162,0.01,0.001,0.01,0.001
11.051,-7,161,0.01,0.001,0.01,0.001
11.077,-39,157,0.01,0.001,0.01,0.001
11.098,-74,150,0.01,0.001,0.01,0.001
11.120,-86,147,0.01,0.001,0.01,0.001
11.142,-111,141,0.01,0.001,0.01,0.001
11.164,-140,131,0.01,0.001,0.01,0.001
11.187,-139,124,0.01,0.001,0.01,0.001
11.209,-148,111,0.01,0.001,0.01,0.001
11.230,-146,103,0.01,0.001,0.01,0.001
11.252,-147,89,0.01,0.001,0.01,0.001
11.274,-140,72,0.01,0.001,0.01,0.001
11.296,-139,62,0.01,0.001,0.01,0.001
11.319,-120,47,0.01,0.001,0.01,0.001
11.341,-107,27,0.01,0.001,0.01,0.001
11.362,-105,15,0.01,0.001,0.01,0.001
11.384,-92,-2,0.01,0.001,0.01,0.001
11.410,-71,-22,0.01,0.001,0.01,0.001
11.434,-55,-41,0.01,0.001,0.01,0.001
11.455,-52,-53,0.01,0.001,0.01,0.001
11.476,-29,-65,0.01,0.001,0.01,0.001
11.497,-25,-73,0.01,0.001,0.01,0.001
11.518,3,-75,0.01,0.001,0.01,0.001
11.540,24,-77,0.01,0.001,0.01,0.001
11.564,57,-74,0.01,0.001,0.01,0.001
11.587,57,-73,0.01,0.001,0.01,0.001
11.609,85,-68,0.01,0.001,0.01,0.001
11.632,112,-58,0.01,0.001,0.01,0.001
11.654,111,-53,0.01,0.001,0.01,0.001
11.675,129,-42,0.01,0.001,0.01,0.001
11.697,133,-30,0.01,0.001,0.01,0.001
11.719,130,-23,0.01,0.001,0.01,0.001
11.745,122,-19,0.01,0.001,0.01,0.001
11.768,109,-18,0.01,0.001,0.01,0.001
11.790,108,-18,0.01,0.001,0.01,0.001
11.813,94,-20,0.01,0.001,0.01,0.001
11.835,92,-22,0.01,0.001,0.01,0.001
11.860,75,-20,0.01,0.001,0.01,0.001
11.882,72,-20,0.01,0.001,0.01,0.001
11.904,50,-8,0.01,0.001,0.01,0.001
11.929,43,-6,0.01,0.001,0.01,0.001
11.953,34,1,0.01,0.001,0.01,0.001
11.973,4,9,0.01,0.001,0.01,0.001
11.996,-5,18,0.01,0.001,0.01,0.001
12.017,-6,22,0.01,0.001,0.01,0.001
12.038,-8,26,0.01,0.001,0.01,0.001
12.060,-8,27,0.01,0.001,0.01,0.001
12.084,-15,27,0.01,0.001,0.01,0.001
12.106,-14,27,0.01,0.001,0.01,0.001
12.130,-9,26,0.01,0.001,0.01,0.001
12.152,-9,25,0.01,0.001,0.01,0.001
12.173,0,23,0.01,0.001,0.01,0.001
12.196,9,21,0.01,0.001,0.01,0.001
12.217,12,18,0.01,0.001,0.01,0.001
12.237,22,13,0.01,0.001,0.01,0.001
12.259,25,9,0.01,0.001,0.01,0.001
12.280,53,1,0.01,0.001,0.01,0.001
12.301,72,-7,0.01,0.001,0.01,0.001
12.322,77,-11,0.01,0.001,0.01,0.001
12.343,97,-15,0.01,0.001,0.01,0.001
12.365,113,-5,0.01,0.001,0.01,0.001
12.387,114,-2,0.01,0.001,0.01,0.001
12.415,117,5,0.01,0.001,0.01,0.001
12.435,112,6,0.01,0.001,0.01,0.001
12.456,112,6,0.01,0.001,0.01,0.001
12.477,111,4,0.01,0.001,0.01,0.001
12.498,108,0,0.01,0.001,0.01,0.001
12.521,109,-2,0.01,0.001,0.01,0.001
12.542,103,-7,0.01,0.001,0.01,0.001
12.563,99,-11,0.01,0.001,0.01,0.001
12.586,99,-13,0.01,0.001,0.01,0.001
12.609,91,-18,0.01,0.001,0.01,0.001
12.631,91,-20,0.01,0.001,0.01,0.001
12.654,84,-25,0.01,0.001,0.01,0.001
12.675,77,-30,0.01,0.001,0.01,0.001
12.697,65,-39,0.01,0.001,0.01,0.001
12.719,63,-42,0.01,0.001,0.01,0.001
12.747,53,-48,0.01,0.001,0.01,0.001
12.768,39,-53,0.01,0.001,0.01,0.001
12.789,34,-54,0.01,0.001,0.01,0.001
12.811,19,-56,0.01,0.001,0.01,0.001
12.833,13,-57,0.01,0.001,0.01,0.001
12.855,-6,-55,0.01,0.001,0.01,0.001
12.876,-23,-53,0.01,0.001,0.01,0.001
12.897,-42,-50,0.01,0.001,0.01,0.001
12.920,-47,-51,0.01,0.001,0.01,0.001
12.941,-62,-48,0.01,0.001,0.01,0.001
12.965,-71,-47,0.01,0.001,0.01,0.001
12.987,-75,-47,0.01,0.001,0.01,0.001
13.008,-86,-52,0.01,0.001,0.01,0.001
13.031,-91,-64,0.01,0.001,0.01,0.001
13.054,-94,-70,0.01,0.001,0.01,0.001
13.079,-88,-80,0.01,0.001,0.01,0.001
13.100,-68,-86,0.01,0.001,0.01,0.001
13.124,-58,-86,0.01,0.001,0.01,0.001
13.146,-29,-84,0.01,0.001,0.01,0.001
13.166,17,-77,0.01,0.001,0.01,0.001
13.189,46,-61,0.01,0.001,0.01,0.001
13.210,83,-39,0.01,0.001,0.01,0.001
13.231,110,-8,0.01,0.001,0.01,0.001
13.254,123,11,0.01,0.001,0.01,0.001
13.275,120,41,0.01,0.001,0.01,0.001
13.298,114,78,0.01,0.001,0.01,0.001
13.324,116,105,0.01,0.001,0.01,0.001
13.345,115,130,0.01,0.001,0.01,0.001
13.366,104,154,0.01,0.001,0.01,0.001
13.387,103,165,0.01,0.001,0.01,0.001
13.414,88,169,0.01,0.001,0.01,0.001
13.437,83,177,0.01,0.001,0.01,0.001
13.460,74,181,0.01,0.001,0.01,0.001
13.482,70,180,0.01,0.001,0.01,0.001
13.503,52,182,0.01,0.001,0.01,0.001
13.525,45,179,0.01,0.001,0.01,0.001
13.546,20,180,0.01,0.001,0.01,0.001
13.566,-14,179,0.01,0.001,0.01,0.001
13.588,-15,178,0.01,0.001,0.01,0.001
13.608,-45,177,0.01,0.001,0.01,0.001
13.630,-74,174,0.01,0.001,0.01,0.001
13.651,-75,174,0.01,0.001,0.01,0.001
13.672,-117,170,0.01,0.001,0.01,0.001
13.693,-125,173,0.01,0.001,0.01,0.001
13.714,-159,163,0.01,0.001,0.01,0.001
13.740,-188,154,0.01,0.001,0.01,0.001
13.761,-200,152,0.01,0.001,0.01,0.001
13.783,-209,145,0.01,0.001,0.01,0.001
13.805,-203,134,0.01,0.001,0.01,0.001
13.829,-194,116,0.01,0.001,0.01,0.001
13.851,-193,103,0.01,0.001,0.01,0.001
13.872,-186,87,0.01,0.001,0.01,0.001
13.894,-186,73,0.01,0.001,0.01,0.001
13.918,-180,54,0.01,0.001,0.01,0.001
13.941,-170,32,0.01,0.001,0.01,0.001
13.964,-162,9,0.01,0.001,0.01,0.001
13.986,-158,-6,0.01,0.001,0.01,0.001
14.007,-153,-25,0.01,0.001,0.01,0.001
14.028,-151,-39,0.01,0.001,0.01,0.001
14.050,-145,-53,0.01,0.001,0.01,0.001
14.077,-137,-67,0.01,0.001,0.01,0.001
14.099,-124,-80,0.01,0.001,0.01,0.001
14.120,-119,-90,0.01,0.001,0.01,0.001
14.141,-111,-98,0.01,0.001,0.01,0.001
14.164,-102,-104,0.01,0.001,0.01,0.001
14.187,-97,-108,0.01,0.001,0.01,0.001
14.208,-88,-109,0.01,0.001,0.01,0.001
14.231,-78,-109,0.01,0.001,0.01,0.001
14.252,-73,-109,0.01,0.001,0.01,0.001
14.273,-66,-108,0.01,0.001,0.01,0.001
14.297,-55,-107,0.01,0.001,0.01,0.001
14.320,-49,-106,0.01,0.001,0.01,0.001
14.341,-40,-105,0.01,0.001,0.01,0.001
14.364,-27,-105,0.01,0.001,0.01,0.001
14.386,-21,-105,0.01,0.001,0.01,0.001
14.413,-6,-105,0.01,0.001,0.01,0.001
14.434,11,-102,0.01,0.001,0.01,0.001
14.456,18,-98,0.01,0.001,0.01,0.001
14.478,34,-93,0.01,0.001,0.01,0.001
14.499,55,-85,0.01,0.001,0.01,0.001
14.522,63,-78,0.01,0.001,0.01,0.001
14.545,66,-66,0.01,0.001,0.01,0.001
14.568,66,-46,0.01,0.001,0.01,0.001
14.591,76,-33,0.01,0.001,0.01,0.001
14.614,127,36,0.01,0.001,0.01,0.001
14.637,117,79,0.01,0.001,0.01,0.001
14.661,63,135,0.01,0.001,0.01,0.001
14.683,30,165,0.01,0.001,0.01,0.001
14.705,-8,172,0.01,0.001,0.01,0.001
14.731,-45,169,0.01,0.001,0.01,0.001
14.757,-65,167,0.01,0.001,0.01,0.001
14.778,-82,166,0.01,0.001,0.01,0.001
14.798,-87,175,0.01,0.001,0.01,0.001
14.821,-87,176,0.01,0.001,0.01,0.001
14.842,-102,173,0.01,0.001,0.01,0.001
