Czas_s,Uchyb_X_px,Uchyb_Y_px,Regulator,Param1_Pan,Param2_Pan,Param1_Tilt,Param2_Tilt,Deadband,Pole_Obiektu
0.003,17,21,PID,0.005,0.0001,0.005,0.0001,35,42025.5
0.024,17,21,PID,0.005,0.0001,0.005,0.0001,35,42039.5
0.047,17,21,PID,0.005,0.0001,0.005,0.0001,35,42039.5
0.071,17,21,PID,0.005,0.0001,0.005,0.0001,35,42062.5
0.092,18,20,PID,0.005,0.0001,0.005,0.0001,35,41725.0
0.120,19,20,PID,0.005,0.0001,0.005,0.0001,35,42211.0
0.140,19,20,PID,0.005,0.0001,0.005,0.0001,35,42049.5
0.161,20,19,PID,0.005,0.0001,0.005,0.0001,35,41882.5
0.183,20,19,PID,0.005,0.0001,0.005,0.0001,35,42177.0
0.208,20,19,PID,0.005,0.0001,0.005,0.0001,35,42177.0
0.228,21,19,PID,0.005,0.0001,0.005,0.0001,35,42472.0
0.249,22,19,PID,0.005,0.0001,0.005,0.0001,35,42366.5
0.271,23,19,PID,0.005,0.0001,0.005,0.0001,35,42329.0
0.292,24,19,PID,0.005,0.0001,0.005,0.0001,35,42390.0
0.314,24,19,PID,0.005,0.0001,0.005,0.0001,35,42276.5
0.335,25,19,PID,0.005,0.0001,0.005,0.0001,35,42475.0
0.355,26,19,PID,0.005,0.0001,0.005,0.0001,35,42531.5
0.377,26,19,PID,0.005,0.0001,0.005,0.0001,35,42472.0
0.397,27,19,PID,0.005,0.0001,0.005,0.0001,35,42541.5
0.417,28,19,PID,0.005,0.0001,0.005,0.0001,35,42621.0
0.439,28,19,PID,0.005,0.0001,0.005,0.0001,35,42561.5
0.460,29,19,PID,0.005,0.0001,0.005,0.0001,35,42481.0
0.483,30,19,PID,0.005,0.0001,0.005,0.0001,35,42429.5
0.507,30,19,PID,0.005,0.0001,0.005,0.0001,35,42568.5
0.534,31,19,PID,0.005,0.0001,0.005,0.0001,35,42685.5
0.554,32,19,PID,0.005,0.0001,0.005,0.0001,35,42760.0
0.576,33,19,PID,0.005,0.0001,0.005,0.0001,35,42712.0
0.597,34,19,PID,0.005,0.0001,0.005,0.0001,35,42753.5
0.621,36,19,PID,0.005,0.0001,0.005,0.0001,35,42892.0
0.644,37,19,PID,0.005,0.0001,0.005,0.0001,35,42829.5
0.664,40,17,PID,0.005,0.0001,0.005,0.0001,35,42340.5
0.684,44,15,PID,0.005,0.0001,0.005,0.0001,35,42345.0
0.707,46,14,PID,0.005,0.0001,0.005,0.0001,35,42272.0
0.729,50,12,PID,0.005,0.0001,0.005,0.0001,35,42876.5
0.751,56,9,PID,0.005,0.0001,0.005,0.0001,35,42595.0
0.773,59,8,PID,0.005,0.0001,0.005,0.0001,35,42766.5
0.793,75,4,PID,0.005,0.0001,0.005,0.0001,35,36527.0
0.816,85,4,PID,0.005,0.0001,0.005,0.0001,35,36041.5
0.837,92,4,PID,0.005,0.0001,0.005,0.0001,35,36753.0
0.863,102,3,PID,0.005,0.0001,0.005,0.0001,35,37326.0
0.886,111,2,PID,0.005,0.0001,0.005,0.0001,35,38840.5
0.907,112,2,PID,0.005,0.0001,0.005,0.0001,35,38039.5
0.928,118,2,PID,0.005,0.0001,0.005,0.0001,35,40467.0
0.949,119,3,PID,0.005,0.0001,0.005,0.0001,35,40003.0
0.971,124,3,PID,0.005,0.0001,0.005,0.0001,35,41714.0
0.991,130,2,PID,0.005,0.0001,0.005,0.0001,35,42393.5
1.015,135,1,PID,0.005,0.0001,0.005,0.0001,35,43283.5
1.037,138,2,PID,0.005,0.0001,0.005,0.0001,35,43411.0
1.058,143,1,PID,0.005,0.0001,0.005,0.0001,35,43542.0
1.081,145,1,PID,0.005,0.0001,0.005,0.0001,35,43647.0
1.103,147,1,PID,0.005,0.0001,0.005,0.0001,35,43963.0
1.124,147,0,PID,0.005,0.0001,0.005,0.0001,35,43098.0
1.146,147,0,PID,0.005,0.0001,0.005,0.0001,35,43189.5
1.169,148,-1,PID,0.005,0.0001,0.005,0.0001,35,43364.5
1.196,142,-1,PID,0.005,0.0001,0.005,0.0001,35,41238.0
1.218,137,-3,PID,0.005,0.0001,0.005,0.0001,35,40867.5
1.240,133,-4,PID,0.005,0.0001,0.005,0.0001,35,41141.0
1.262,132,-7,PID,0.005,0.0001,0.005,0.0001,35,42341.0
1.284,131,-9,PID,0.005,0.0001,0.005,0.0001,35,42631.5
1.307,126,-12,PID,0.005,0.0001,0.005,0.0001,35,41617.5
1.328,119,-16,PID,0.005,0.0001,0.005,0.0001,35,39499.0
1.350,115,-19,PID,0.005,0.0001,0.005,0.0001,35,39887.0
1.371,112,-22,PID,0.005,0.0001,0.005,0.0001,35,38346.5
1.392,101,-26,PID,0.005,0.0001,0.005,0.0001,35,32977.5
1.415,86,-31,PID,0.005,0.0001,0.005,0.0001,35,26825.0
1.437,77,-37,PID,0.005,0.0001,0.005,0.0001,35,28034.0
1.457,17,-35,PID,0.005,0.0001,0.005,0.0001,25,12025.0
1.480,-30,-32,PID,0.005,0.0001,0.005,0.0001,35,24002.5
1.502,-86,-28,PID,0.005,0.0001,0.005,0.0001,35,24909.0
1.529,-129,-19,PID,0.005,0.0001,0.005,0.0001,35,30955.0
1.550,-163,-8,PID,0.005,0.0001,0.005,0.0001,35,33896.0
1.571,-178,0,PID,0.005,0.0001,0.005,0.0001,35,41581.0
1.592,-204,12,PID,0.005,0.0001,0.005,0.0001,35,35166.5
1.614,-211,19,PID,0.005,0.0001,0.005,0.0001,35,39168.5
1.636,-230,27,PID,0.005,0.0001,0.005,0.0001,35,32935.0
1.656,-245,36,PID,0.005,0.0001,0.005,0.0001,35,27338.0
1.678,-257,46,PID,0.005,0.0001,0.005,0.0001,35,22689.5
1.699,-257,53,PID,0.005,0.0001,0.005,0.0001,35,23052.5
1.718,-266,61,PID,0.005,0.0001,0.005,0.0001,35,19563.0
1.740,-266,65,PID,0.005,0.0001,0.005,0.0001,35,19505.5
1.760,-273,70,PID,0.005,0.0001,0.005,0.0001,35,16787.5
1.782,-277,74,PID,0.005,0.0001,0.005,0.0001,35,15165.0
1.804,-277,75,PID,0.005,0.0001,0.005,0.0001,35,15003.0
1.824,-280,76,PID,0.005,0.0001,0.005,0.0001,25,14030.0
1.851,-279,73,PID,0.005,0.0001,0.005,0.0001,25,14041.5
1.871,-279,72,PID,0.005,0.0001,0.005,0.0001,25,14203.0
1.892,-276,66,PID,0.005,0.0001,0.005,0.0001,25,14917.5
1.913,-270,57,PID,0.005,0.0001,0.005,0.0001,35,16557.0
1.934,-270,53,PID,0.005,0.0001,0.005,0.0001,35,17261.0
1.954,-265,44,PID,0.005,0.0001,0.005,0.0001,35,18394.0
1.977,-265,40,PID,0.005,0.0001,0.005,0.0001,35,19210.0
1.996,-260,32,PID,0.005,0.0001,0.005,0.0001,35,19941.0
2.017,-254,24,PID,0.005,0.0001,0.005,0.0001,35,21847.5
2.039,-254,21,PID,0.005,0.0001,0.005,0.0001,35,22724.0
2.059,-247,14,PID,0.005,0.0001,0.005,0.0001,35,24182.5
2.081,-247,12,PID,0.005,0.0001,0.005,0.0001,35,25079.5
2.102,-240,7,PID,0.005,0.0001,0.005,0.0001,35,27162.5
2.122,-233,2,PID,0.005,0.0001,0.005,0.0001,35,29849.0
2.144,-233,-1,PID,0.005,0.0001,0.005,0.0001,35,30392.0
2.164,-225,-5,PID,0.005,0.0001,0.005,0.0001,35,32631.5
2.188,-215,-10,PID,0.005,0.0001,0.005,0.0001,35,35015.0
2.209,-216,-13,PID,0.005,0.0001,0.005,0.0001,35,35435.0
2.229,-204,-17,PID,0.005,0.0001,0.005,0.0001,35,37136.0
2.250,-189,-23,PID,0.005,0.0001,0.005,0.0001,35,38295.5
2.271,-191,-27,PID,0.005,0.0001,0.005,0.0001,35,38394.0
2.292,-170,-32,PID,0.005,0.0001,0.005,0.0001,35,36865.0
2.313,-169,-35,PID,0.005,0.0001,0.005,0.0001,35,37810.0
2.334,-149,-38,PID,0.005,0.0001,0.005,0.0001,35,37051.5
2.355,-128,-43,PID,0.005,0.0001,0.005,0.0001,35,34706.0
2.376,-127,-47,PID,0.005,0.0001,0.005,0.0001,35,35383.5
2.396,-106,-55,PID,0.005,0.0001,0.005,0.0001,35,32105.0
2.416,-79,-68,PID,0.005,0.0001,0.005,0.0001,35,29839.5
2.438,-69,-76,PID,0.005,0.0001,0.005,0.0001,35,34069.0
2.459,-38,-84,PID,0.005,0.0001,0.005,0.0001,35,31808.0
2.482,-3,-87,PID,0.005,0.0001,0.005,0.0001,35,32002.0
2.505,6,-85,PID,0.005,0.0001,0.005,0.0001,35,35044.0
2.531,40,-86,PID,0.005,0.0001,0.005,0.0001,35,33091.0
2.553,47,-83,PID,0.005,0.0001,0.005,0.0001,35,35507.5
2.575,76,-79,PID,0.005,0.0001,0.005,0.0001,35,34705.0
2.595,106,-73,PID,0.005,0.0001,0.005,0.0001,35,33732.0
2.617,138,-67,PID,0.005,0.0001,0.005,0.0001,35,33695.5
2.640,147,-59,PID,0.005,0.0001,0.005,0.0001,35,37141.5
2.660,173,-52,PID,0.005,0.0001,0.005,0.0001,35,35485.5
2.683,181,-44,PID,0.005,0.0001,0.005,0.0001,35,38620.0
2.704,202,-37,PID,0.005,0.0001,0.005,0.0001,35,36366.0
2.725,222,-27,PID,0.005,0.0001,0.005,0.0001,35,33370.0
2.747,223,-21,PID,0.005,0.0001,0.005,0.0001,35,34706.5
2.769,234,-13,PID,0.005,0.0001,0.005,0.0001,35,30528.0
2.789,242,-2,PID,0.005,0.0001,0.005,0.0001,35,27477.0
2.811,242,3,PID,0.005,0.0001,0.005,0.0001,35,28919.5
2.831,248,9,PID,0.005,0.0001,0.005,0.0001,35,26586.0
2.855,251,14,PID,0.005,0.0001,0.005,0.0001,35,26068.0
2.876,251,17,PID,0.005,0.0001,0.005,0.0001,35,26385.5
2.895,251,19,PID,0.005,0.0001,0.005,0.0001,35,26461.0
2.916,246,21,PID,0.005,0.0001,0.005,0.0001,35,28292.0
2.936,246,22,PID,0.005,0.0001,0.005,0.0001,35,28335.0
2.957,238,23,PID,0.005,0.0001,0.005,0.0001,35,31322.5
2.979,238,24,PID,0.005,0.0001,0.005,0.0001,35,31328.5
3.000,229,25,PID,0.005,0.0001,0.005,0.0001,35,34468.0
3.021,220,27,PID,0.005,0.0001,0.005,0.0001,35,37520.0
3.043,220,28,PID,0.005,0.0001,0.005,0.0001,35,37569.5
3.063,210,29,PID,0.005,0.0001,0.005,0.0001,35,40648.0
3.083,200,32,PID,0.005,0.0001,0.005,0.0001,35,42811.0
3.106,198,34,PID,0.005,0.0001,0.005,0.0001,35,43837.0
3.125,191,38,PID,0.005,0.0001,0.005,0.0001,35,44088.5
3.148,184,43,PID,0.005,0.0001,0.005,0.0001,35,43673.0
3.169,180,46,PID,0.005,0.0001,0.005,0.0001,35,44431.0
3.195,170,50,PID,0.005,0.0001,0.005,0.0001,35,41580.5
3.221,153,54,PID,0.005,0.0001,0.005,0.0001,35,39520.5
3.243,148,56,PID,0.005,0.0001,0.005,0.0001,35,41481.0
3.271,137,58,PID,0.005,0.0001,0.005,0.0001,35,37869.0
3.293,123,61,PID,0.005,0.0001,0.005,0.0001,35,34312.0
3.315,121,64,PID,0.005,0.0001,0.005,0.0001,35,34912.5
3.341,107,68,PID,0.005,0.0001,0.005,0.0001,35,31486.0
3.361,91,69,PID,0.005,0.0001,0.005,0.0001,35,27361.5
3.384,71,66,PID,0.005,0.0001,0.005,0.0001,35,23147.0
3.406,66,64,PID,0.005,0.0001,0.005,0.0001,35,24745.0
3.430,46,59,PID,0.005,0.0001,0.005,0.0001,35,20626.0
3.453,9,40,PID,0.005,0.0001,0.005,0.0001,35,26380.5
3.475,-8,29,PID,0.005,0.0001,0.005,0.0001,35,34490.5
3.497,-31,19,PID,0.005,0.0001,0.005,0.0001,35,33107.5
3.524,-71,10,PID,0.005,0.0001,0.005,0.0001,35,26281.5
3.548,-102,1,PID,0.005,0.0001,0.005,0.0001,35,30378.0
3.569,-116,-6,PID,0.005,0.0001,0.005,0.0001,35,36323.0
3.591,-133,-9,PID,0.005,0.0001,0.005,0.0001,35,36881.5
3.613,-141,-12,PID,0.005,0.0001,0.005,0.0001,35,39661.0
3.634,-158,-9,PID,0.005,0.0001,0.005,0.0001,35,40063.0
3.655,-177,-5,PID,0.005,0.0001,0.005,0.0001,35,39167.0
3.677,-185,-3,PID,0.005,0.0001,0.005,0.0001,35,42190.5
3.697,-198,-2,PID,0.005,0.0001,0.005,0.0001,35,39583.0
3.719,-209,1,PID,0.005,0.0001,0.005,0.0001,35,39498.5
3.740,-208,3,PID,0.005,0.0001,0.005,0.0001,35,39441.5
3.760,-213,6,PID,0.005,0.0001,0.005,0.0001,35,37883.0
3.781,-215,9,PID,0.005,0.0001,0.005,0.0001,35,37406.5
3.802,-214,11,PID,0.005,0.0001,0.005,0.0001,35,37380.0
3.823,-215,13,PID,0.005,0.0001,0.005,0.0001,35,37274.5
3.845,-214,15,PID,0.005,0.0001,0.005,0.0001,35,37189.0
3.869,-212,15,PID,0.005,0.0001,0.005,0.0001,35,37451.0
3.892,-209,15,PID,0.005,0.0001,0.005,0.0001,35,37872.0
3.916,-207,14,PID,0.005,0.0001,0.005,0.0001,35,38458.0
3.937,-207,14,PID,0.005,0.0001,0.005,0.0001,35,38497.0
3.959,-204,13,PID,0.005,0.0001,0.005,0.0001,35,38836.5
3.982,-202,11,PID,0.005,0.0001,0.005,0.0001,35,39083.0
4.005,-202,10,PID,0.005,0.0001,0.005,0.0001,35,39187.0
4.027,-200,9,PID,0.005,0.0001,0.005,0.0001,35,40036.0
4.048,-200,9,PID,0.005,0.0001,0.005,0.0001,35,40074.5
4.071,-195,7,PID,0.005,0.0001,0.005,0.0001,35,40484.0
4.092,-192,4,PID,0.005,0.0001,0.005,0.0001,35,40222.0
4.114,-186,0,PID,0.005,0.0001,0.005,0.0001,35,40063.5
4.135,-186,-2,PID,0.005,0.0001,0.005,0.0001,35,39940.0
4.157,-179,-5,PID,0.005,0.0001,0.005,0.0001,35,39568.0
4.178,-180,-7,PID,0.005,0.0001,0.005,0.0001,35,39602.0
4.204,-169,-9,PID,0.005,0.0001,0.005,0.0001,35,38771.5
4.226,-159,-11,PID,0.005,0.0001,0.005,0.0001,35,38567.0
4.249,-147,-13,PID,0.005,0.0001,0.005,0.0001,35,37601.0
4.271,-148,-15,PID,0.005,0.0001,0.005,0.0001,35,37667.0
4.293,-135,-17,PID,0.005,0.0001,0.005,0.0001,35,36502.0
4.315,-135,-19,PID,0.005,0.0001,0.005,0.0001,35,36644.0
4.336,-121,-22,PID,0.005,0.0001,0.005,0.0001,35,34245.5
4.357,-104,-28,PID,0.005,0.0001,0.005,0.0001,35,31920.5
4.380,-102,-34,PID,0.005,0.0001,0.005,0.0001,35,33078.0
4.403,-82,-45,PID,0.005,0.0001,0.005,0.0001,35,29569.5
4.424,-52,-59,PID,0.005,0.0001,0.005,0.0001,35,28056.5
4.446,-38,-66,PID,0.005,0.0001,0.005,0.0001,35,32710.0
4.467,-5,-72,PID,0.005,0.0001,0.005,0.0001,35,30756.5
4.489,32,-74,PID,0.005,0.0001,0.005,0.0001,35,31247.5
4.519,71,-73,PID,0.005,0.0001,0.005,0.0001,35,31808.0
4.540,82,-69,PID,0.005,0.0001,0.005,0.0001,35,35616.0
4.560,109,-64,PID,0.005,0.0001,0.005,0.0001,35,35742.5
4.582,140,-59,PID,0.005,0.0001,0.005,0.0001,35,34606.5
4.603,149,-52,PID,0.005,0.0001,0.005,0.0001,35,37750.5
4.624,172,-47,PID,0.005,0.0001,0.005,0.0001,35,36295.5
4.648,197,-41,PID,0.005,0.0001,0.005,0.0001,35,35742.5
4.672,204,-34,PID,0.005,0.0001,0.005,0.0001,35,38316.0
4.692,215,-27,PID,0.005,0.0001,0.005,0.0001,35,35799.0
4.716,220,-18,PID,0.005,0.0001,0.005,0.0001,35,33824.0
4.737,221,-12,PID,0.005,0.0001,0.005,0.0001,35,34918.0
4.757,224,-3,PID,0.005,0.0001,0.005,0.0001,35,33079.5
4.779,224,2,PID,0.005,0.0001,0.005,0.0001,35,34184.0
4.800,222,10,PID,0.005,0.0001,0.005,0.0001,35,33769.5
4.821,220,16,PID,0.005,0.0001,0.005,0.0001,35,35023.5
4.845,220,20,PID,0.005,0.0001,0.005,0.0001,35,35570.0
4.866,214,24,PID,0.005,0.0001,0.005,0.0001,35,37700.0
4.887,205,28,PID,0.005,0.0001,0.005,0.0001,35,39715.5
4.908,206,31,PID,0.005,0.0001,0.005,0.0001,35,40012.0
4.931,195,36,PID,0.005,0.0001,0.005,0.0001,35,40967.0
4.954,190,39,PID,0.005,0.0001,0.005,0.0001,35,42784.0
4.976,189,41,PID,0.005,0.0001,0.005,0.0001,35,43136.5
4.996,177,45,PID,0.005,0.0001,0.005,0.0001,35,41098.5
5.017,166,49,PID,0.005,0.0001,0.005,0.0001,35,40508.5
5.039,164,51,PID,0.005,0.0001,0.005,0.0001,35,41752.5
5.060,188,49,PID,0.005,0.0001,0.005,0.0001,35,38335.5
5.081,196,50,PID,0.005,0.0001,0.005,0.0001,35,41656.0
5.102,170,53,PID,0.005,0.0001,0.005,0.0001,35,36497.0
5.123,146,53,PID,0.005,0.0001,0.005,0.0001,35,35607.5
5.145,140,51,PID,0.005,0.0001,0.005,0.0001,35,37774.0
5.166,133,47,PID,0.005,0.0001,0.005,0.0001,35,36007.0
5.192,129,41,PID,0.005,0.0001,0.005,0.0001,35,34553.0
5.216,126,36,PID,0.005,0.0001,0.005,0.0001,35,35269.5
5.237,117,28,PID,0.005,0.0001,0.005,0.0001,35,32590.0
5.258,110,15,PID,0.005,0.0001,0.005,0.0001,35,30566.0
5.283,97,0,PID,0.005,0.0001,0.005,0.0001,35,29128.5
5.306,92,-9,PID,0.005,0.0001,0.005,0.0001,35,32695.5
5.326,82,-20,PID,0.005,0.0001,0.005,0.0001,35,31468.5
5.350,70,-29,PID,0.005,0.0001,0.005,0.0001,35,31406.0
5.373,62,-36,PID,0.005,0.0001,0.005,0.0001,35,34032.0
5.393,50,-42,PID,0.005,0.0001,0.005,0.0001,35,33615.0
5.416,31,-41,PID,0.005,0.0001,0.005,0.0001,35,37834.5
5.437,24,-42,PID,0.005,0.0001,0.005,0.0001,35,40354.5
5.457,14,-43,PID,0.005,0.0001,0.005,0.0001,35,39603.0
5.481,2,-45,PID,0.005,0.0001,0.005,0.0001,35,39038.5
5.504,-3,-47,PID,0.005,0.0001,0.005,0.0001,35,40687.0
5.530,-14,-54,PID,0.005,0.0001,0.005,0.0001,35,36103.0
5.552,-29,-57,PID,0.005,0.0001,0.005,0.0001,35,36706.5
5.574,-34,-61,PID,0.005,0.0001,0.005,0.0001,35,38707.5
5.594,-46,-62,PID,0.005,0.0001,0.005,0.0001,35,37207.0
5.616,-59,-63,PID,0.005,0.0001,0.005,0.0001,35,37437.5
5.639,-68,-65,PID,0.005,0.0001,0.005,0.0001,35,37946.0
5.660,-80,-61,PID,0.005,0.0001,0.005,0.0001,35,35424.5
5.682,-86,-62,PID,0.005,0.0001,0.005,0.0001,35,35439.0
5.703,-99,-51,PID,0.005,0.0001,0.005,0.0001,35,31581.0
5.725,-114,-41,PID,0.005,0.0001,0.005,0.0001,35,30686.0
5.747,-115,-36,PID,0.005,0.0001,0.005,0.0001,35,31616.0
5.767,-120,-25,PID,0.005,0.0001,0.005,0.0001,35,30088.5
5.788,-122,-13,PID,0.005,0.0001,0.005,0.0001,35,30063.0
5.810,-120,-7,PID,0.005,0.0001,0.005,0.0001,35,32358.5
5.832,-122,5,PID,0.005,0.0001,0.005,0.0001,35,30884.0
5.857,-122,17,PID,0.005,0.0001,0.005,0.0001,35,31838.0
5.879,-119,24,PID,0.005,0.0001,0.005,0.0001,35,33540.0
5.901,-116,32,PID,0.005,0.0001,0.005,0.0001,35,33630.0
5.922,-113,39,PID,0.005,0.0001,0.005,0.0001,35,33978.5
5.946,-109,44,PID,0.005,0.0001,0.005,0.0001,35,34171.5
5.968,-106,48,PID,0.005,0.0001,0.005,0.0001,35,34395.5
5.989,-102,52,PID,0.005,0.0001,0.005,0.0001,35,34054.0
6.012,-97,56,PID,0.005,0.0001,0.005,0.0001,35,33365.5
6.034,-94,60,PID,0.005,0.0001,0.005,0.0001,35,33705.5
6.055,-90,61,PID,0.005,0.0001,0.005,0.0001,35,32899.5
6.077,-90,62,PID,0.005,0.0001,0.005,0.0001,35,33009.0
6.098,-87,61,PID,0.005,0.0001,0.005,0.0001,35,31144.0
6.119,-87,60,PID,0.005,0.0001,0.005,0.0001,35,30128.0
6.141,-87,59,PID,0.005,0.0001,0.005,0.0001,35,30178.0
6.161,-88,55,PID,0.005,0.0001,0.005,0.0001,35,28909.5
6.188,-89,48,PID,0.005,0.0001,0.005,0.0001,35,26772.5
6.210,-91,43,PID,0.005,0.0001,0.005,0.0001,35,27712.5
6.232,-94,35,PID,0.005,0.0001,0.005,0.0001,35,26242.5
6.254,-96,21,PID,0.005,0.0001,0.005,0.0001,35,25002.5
6.277,-98,13,PID,0.005,0.0001,0.005,0.0001,35,27211.5
6.299,-99,1,PID,0.005,0.0001,0.005,0.0001,35,26438.0
6.320,-103,-11,PID,0.005,0.0001,0.005,0.0001,35,27295.0
6.343,-106,-19,PID,0.005,0.0001,0.005,0.0001,35,28629.0
6.364,-109,-28,PID,0.005,0.0001,0.005,0.0001,35,28561.0
6.385,-113,-36,PID,0.005,0.0001,0.005,0.0001,35,28846.0
6.407,-114,-41,PID,0.005,0.0001,0.005,0.0001,35,29596.5
6.428,-119,-45,PID,0.005,0.0001,0.005,0.0001,35,29680.0
6.449,-122,-48,PID,0.005,0.0001,0.005,0.0001,35,29650.5
6.472,-122,-50,PID,0.005,0.0001,0.005,0.0001,35,29758.5
6.493,-126,-51,PID,0.005,0.0001,0.005,0.0001,35,29071.0
6.524,-128,-52,PID,0.005,0.0001,0.005,0.0001,35,29146.5
6.564,-131,-54,PID,0.005,0.0001,0.005,0.0001,35,28502.5
6.588,-131,-55,PID,0.005,0.0001,0.005,0.0001,35,28535.0
6.613,-131,-55,PID,0.005,0.0001,0.005,0.0001,35,27694.0
6.636,-131,-55,PID,0.005,0.0001,0.005,0.0001,35,27266.0
6.660,-129,-54,PID,0.005,0.0001,0.005,0.0001,35,26681.5
6.683,-127,-52,PID,0.005,0.0001,0.005,0.0001,35,25904.0
6.704,-127,-50,PID,0.005,0.0001,0.005,0.0001,35,25957.5
6.727,-121,-47,PID,0.005,0.0001,0.005,0.0001,35,25609.5
6.749,-121,-45,PID,0.005,0.0001,0.005,0.0001,35,25688.5
6.771,-114,-42,PID,0.005,0.0001,0.005,0.0001,35,24727.5
6.791,-105,-38,PID,0.005,0.0001,0.005,0.0001,35,23636.0
6.814,-105,-36,PID,0.005,0.0001,0.005,0.0001,35,23757.5
6.837,-90,-35,PID,0.005,0.0001,0.005,0.0001,35,22298.5
6.864,-75,-34,PID,0.005,0.0001,0.005,0.0001,35,21271.5
6.884,-56,-30,PID,0.005,0.0001,0.005,0.0001,35,18513.0
6.903,-56,-27,PID,0.005,0.0001,0.005,0.0001,35,18800.5
6.925,-30,-25,PID,0.005,0.0001,0.005,0.0001,35,18499.5
6.948,-30,-24,PID,0.005,0.0001,0.005,0.0001,35,18671.5
6.971,3,-18,PID,0.005,0.0001,0.005,0.0001,35,24599.0
6.990,25,-12,PID,0.005,0.0001,0.005,0.0001,35,24323.5
7.013,56,-11,PID,0.005,0.0001,0.005,0.0001,35,20671.0
7.036,56,-10,PID,0.005,0.0001,0.005,0.0001,35,20701.5
7.058,77,-10,PID,0.005,0.0001,0.005,0.0001,35,22796.5
7.080,77,-10,PID,0.005,0.0001,0.005,0.0001,35,22796.5
7.103,92,-9,PID,0.005,0.0001,0.005,0.0001,35,23901.0
7.125,107,-8,PID,0.005,0.0001,0.005,0.0001,35,24372.5
7.148,107,-8,PID,0.005,0.0001,0.005,0.0001,35,24366.5
7.170,117,-9,PID,0.005,0.0001,0.005,0.0001,35,24811.0
7.193,124,-9,PID,0.005,0.0001,0.005,0.0001,35,24849.5
7.215,131,-9,PID,0.005,0.0001,0.005,0.0001,35,25282.0
7.237,131,-9,PID,0.005,0.0001,0.005,0.0001,35,25282.0
7.259,136,-10,PID,0.005,0.0001,0.005,0.0001,35,25457.0
7.282,139,-10,PID,0.005,0.0001,0.005,0.0001,35,25545.5
7.304,139,-10,PID,0.005,0.0001,0.005,0.0001,35,25545.5
7.324,143,-11,PID,0.005,0.0001,0.005,0.0001,35,25519.5
7.347,143,-11,PID,0.005,0.0001,0.005,0.0001,35,25510.5
7.369,145,-10,PID,0.005,0.0001,0.005,0.0001,35,25906.0
7.391,148,-10,PID,0.005,0.0001,0.005,0.0001,35,25615.5
7.415,147,-10,PID,0.005,0.0001,0.005,0.0001,35,25521.0
7.436,147,-10,PID,0.005,0.0001,0.005,0.0001,35,25521.0
7.457,151,-11,PID,0.005,0.0001,0.005,0.0001,35,25690.5
7.482,150,-11,PID,0.005,0.0001,0.005,0.0001,35,25134.5
7.504,150,-11,PID,0.005,0.0001,0.005,0.0001,35,25134.5
7.530,151,-11,PID,0.005,0.0001,0.005,0.0001,35,25233.5
7.552,151,-11,PID,0.005,0.0001,0.005,0.0001,35,25233.5
7.575,151,-13,PID,0.005,0.0001,0.005,0.0001,35,25393.5
7.596,148,-13,PID,0.005,0.0001,0.005,0.0001,35,25064.0
7.616,147,-15,PID,0.005,0.0001,0.005,0.0001,35,24974.5
7.638,147,-15,PID,0.005,0.0001,0.005,0.0001,35,24971.0
7.659,144,-17,PID,0.005,0.0001,0.005,0.0001,35,25025.5
7.683,143,-18,PID,0.005,0.0001,0.005,0.0001,35,25027.5
7.706,138,-19,PID,0.005,0.0001,0.005,0.0001,35,24601.0
7.726,131,-22,PID,0.005,0.0001,0.005,0.0001,35,24148.0
7.746,121,-25,PID,0.005,0.0001,0.005,0.0001,35,23996.5
7.767,121,-25,PID,0.005,0.0001,0.005,0.0001,35,24064.0
7.790,112,-28,PID,0.005,0.0001,0.005,0.0001,35,23343.0
7.812,112,-28,PID,0.005,0.0001,0.005,0.0001,35,23494.0
7.834,98,-31,PID,0.005,0.0001,0.005,0.0001,35,22834.0
7.860,85,-33,PID,0.005,0.0001,0.005,0.0001,35,22239.0
7.880,69,-34,PID,0.005,0.0001,0.005,0.0001,35,21219.0
7.903,69,-35,PID,0.005,0.0001,0.005,0.0001,35,21245.0
7.924,53,-39,PID,0.005,0.0001,0.005,0.0001,35,19689.0
7.948,36,-43,PID,0.005,0.0001,0.005,0.0001,35,18680.5
7.971,36,-42,PID,0.005,0.0001,0.005,0.0001,35,18869.0
7.991,10,-37,PID,0.005,0.0001,0.005,0.0001,35,20784.0
8.013,-8,-36,PID,0.005,0.0001,0.005,0.0001,35,20612.5
8.035,-8,-36,PID,0.005,0.0001,0.005,0.0001,35,20600.0
8.055,-25,-32,PID,0.005,0.0001,0.005,0.0001,35,20341.5
8.078,-51,-31,PID,0.005,0.0001,0.005,0.0001,35,15494.0
8.100,-51,-31,PID,0.005,0.0001,0.005,0.0001,35,15471.5
8.121,-65,-21,PID,0.005,0.0001,0.005,0.0001,35,15768.0
8.144,-73,-11,PID,0.005,0.0001,0.005,0.0001,35,16617.5
8.167,-73,-11,PID,0.005,0.0001,0.005,0.0001,35,16350.0
8.191,-77,-5,PID,0.005,0.0001,0.005,0.0001,35,16452.5
8.214,-78,-4,PID,0.005,0.0001,0.005,0.0001,35,16062.0
8.237,-78,-4,PID,0.005,0.0001,0.005,0.0001,35,16059.0
8.258,-78,-4,PID,0.005,0.0001,0.005,0.0001,35,15880.0
8.281,-78,-3,PID,0.005,0.0001,0.005,0.0001,35,15612.5
8.303,-78,-3,PID,0.005,0.0001,0.005,0.0001,35,15606.0
8.324,-79,-2,PID,0.005,0.0001,0.005,0.0001,35,15492.0
8.348,-79,-2,PID,0.005,0.0001,0.005,0.0001,35,15424.5
8.369,-79,-2,PID,0.005,0.0001,0.005,0.0001,35,15424.5
8.389,-80,-2,PID,0.005,0.0001,0.005,0.0001,35,15231.0
8.411,-83,-2,PID,0.005,0.0001,0.005,0.0001,35,15144.5
8.432,-83,-2,PID,0.005,0.0001,0.005,0.0001,35,15144.5
8.454,-85,-4,PID,0.005,0.0001,0.005,0.0001,35,15326.0
8.476,-85,-4,PID,0.005,0.0001,0.005,0.0001,35,15321.5
8.497,-88,-3,PID,0.005,0.0001,0.005,0.0001,35,15045.5
8.524,-91,-5,PID,0.005,0.0001,0.005,0.0001,35,15086.0
8.547,-91,-5,PID,0.005,0.0001,0.005,0.0001,35,15086.0
8.572,-93,-8,PID,0.005,0.0001,0.005,0.0001,25,14952.0
8.592,-98,-10,PID,0.005,0.0001,0.005,0.0001,25,14829.5
8.614,-101,-12,PID,0.005,0.0001,0.005,0.0001,25,14672.5
8.635,-101,-12,PID,0.005,0.0001,0.005,0.0001,25,14672.5
8.656,-103,-17,PID,0.005,0.0001,0.005,0.0001,25,14845.5
8.679,-103,-18,PID,0.005,0.0001,0.005,0.0001,25,14980.5
8.702,-106,-17,PID,0.005,0.0001,0.005,0.0001,25,14249.0
8.723,-110,-21,PID,0.005,0.0001,0.005,0.0001,25,13991.0
8.747,-110,-25,PID,0.005,0.0001,0.005,0.0001,25,14267.5
8.770,-110,-26,PID,0.005,0.0001,0.005,0.0001,25,14422.0
8.791,-114,-25,PID,0.005,0.0001,0.005,0.0001,25,13513.0
8.814,-114,-27,PID,0.005,0.0001,0.005,0.0001,25,13359.5
8.837,-114,-27,PID,0.005,0.0001,0.005,0.0001,25,13359.5
8.864,-112,-33,PID,0.005,0.0001,0.005,0.0001,25,13816.0
8.885,-112,-29,PID,0.005,0.0001,0.005,0.0001,25,13053.5
8.906,-112,-29,PID,0.005,0.0001,0.005,0.0001,25,13053.5
8.926,-107,-32,PID,0.005,0.0001,0.005,0.0001,25,13539.5
8.947,-100,-33,PID,0.005,0.0001,0.005,0.0001,25,13849.5
8.970,-100,-34,PID,0.005,0.0001,0.005,0.0001,25,13897.5
8.990,-100,-19,PID,0.005,0.0001,0.005,0.0001,25,12318.0
9.012,-91,-17,PID,0.005,0.0001,0.005,0.0001,25,12181.0
9.034,-91,-17,PID,0.005,0.0001,0.005,0.0001,25,12181.0
9.056,-80,-16,PID,0.005,0.0001,0.005,0.0001,25,11947.0
9.079,-80,-16,PID,0.005,0.0001,0.005,0.0001,25,11947.0
9.101,-69,-12,PID,0.005,0.0001,0.005,0.0001,25,11180.5
9.123,-56,-12,PID,0.005,0.0001,0.005,0.0001,25,10358.0
9.146,-29,-26,PID,0.005,0.0001,0.005,0.0001,25,11091.0
9.168,-26,-30,PID,0.005,0.0001,0.005,0.0001,25,11664.5
9.195,-6,-32,PID,0.005,0.0001,0.005,0.0001,25,10892.5
9.219,12,-25,PID,0.005,0.0001,0.005,0.0001,25,14214.5
9.242,32,-26,PID,0.005,0.0001,0.005,0.0001,25,10874.5
9.264,33,-26,PID,0.005,0.0001,0.005,0.0001,25,10913.0
9.285,45,-15,PID,0.005,0.0001,0.005,0.0001,25,10453.5
9.308,56,-10,PID,0.005,0.0001,0.005,0.0001,25,10936.5
9.329,56,-10,PID,0.005,0.0001,0.005,0.0001,25,10936.5
9.349,62,-9,PID,0.005,0.0001,0.005,0.0001,25,12267.5
9.371,62,-9,PID,0.005,0.0001,0.005,0.0001,25,12267.5
9.391,70,-6,PID,0.005,0.0001,0.005,0.0001,25,12040.0
9.414,80,-3,PID,0.005,0.0001,0.005,0.0001,25,12174.0
9.436,80,-3,PID,0.005,0.0001,0.005,0.0001,25,12174.0
9.457,84,-5,PID,0.005,0.0001,0.005,0.0001,25,12438.5
9.479,84,-5,PID,0.005,0.0001,0.005,0.0001,25,12438.5
9.501,91,-3,PID,0.005,0.0001,0.005,0.0001,25,12423.5
9.526,93,-2,PID,0.005,0.0001,0.005,0.0001,25,12217.0
9.549,99,-1,PID,0.005,0.0001,0.005,0.0001,25,12593.0
9.571,104,0,PID,0.005,0.0001,0.005,0.0001,25,12515.5
9.592,104,0,PID,0.005,0.0001,0.005,0.0001,25,12515.5
9.613,108,3,PID,0.005,0.0001,0.005,0.0001,25,12396.0
9.635,108,3,PID,0.005,0.0001,0.005,0.0001,25,12396.0
9.656,112,3,PID,0.005,0.0001,0.005,0.0001,25,12601.5
9.680,115,5,PID,0.005,0.0001,0.005,0.0001,25,12643.0
9.703,115,5,PID,0.005,0.0001,0.005,0.0001,25,12643.0
9.724,116,8,PID,0.005,0.0001,0.005,0.0001,25,12458.0
9.747,116,8,PID,0.005,0.0001,0.005,0.0001,25,12458.0
9.769,117,8,PID,0.005,0.0001,0.005,0.0001,25,12848.0
9.789,117,11,PID,0.005,0.0001,0.005,0.0001,25,12649.0
9.814,116,13,PID,0.005,0.0001,0.005,0.0001,25,12662.0
9.839,116,13,PID,0.005,0.0001,0.005,0.0001,25,12662.0
9.866,115,11,PID,0.005,0.0001,0.005,0.0001,25,13342.5
9.887,111,13,PID,0.005,0.0001,0.005,0.0001,25,13064.0
9.909,111,14,PID,0.005,0.0001,0.005,0.0001,25,13018.0
9.930,109,13,PID,0.005,0.0001,0.005,0.0001,25,13064.0
9.951,106,11,PID,0.005,0.0001,0.005,0.0001,25,13517.5
9.973,107,3,PID,0.005,0.0001,0.005,0.0001,35,15187.0
9.994,104,11,PID,0.005,0.0001,0.005,0.0001,25,13487.0
10.015,101,11,PID,0.005,0.0001,0.005,0.0001,25,13247.5
10.037,101,11,PID,0.005,0.0001,0.005,0.0001,25,13247.5
10.059,99,2,PID,0.005,0.0001,0.005,0.0001,35,15107.0
10.080,99,-1,PID,0.005,0.0001,0.005,0.0001,35,15584.5
10.102,92,6,PID,0.005,0.0001,0.005,0.0001,25,13691.0
10.122,87,-1,PID,0.005,0.0001,0.005,0.0001,35,15121.5
10.146,79,-5,PID,0.005,0.0001,0.005,0.0001,35,15250.0
10.169,79,-6,PID,0.005,0.0001,0.005,0.0001,35,15430.5
10.198,71,-6,PID,0.005,0.0001,0.005,0.0001,25,14802.0
10.219,62,-7,PID,0.005,0.0001,0.005,0.0001,25,13211.0
10.242,62,-7,PID,0.005,0.0001,0.005,0.0001,25,13249.5
10.263,51,-7,PID,0.005,0.0001,0.005,0.0001,25,12641.0
10.284,36,-6,PID,0.005,0.0001,0.005,0.0001,25,11604.0
10.307,13,6,PID,0.005,0.0001,0.005,0.0001,25,12565.0
10.327,13,6,PID,0.005,0.0001,0.005,0.0001,25,12565.0
10.347,-4,19,PID,0.005,0.0001,0.005,0.0001,25,7891.0
10.369,-4,19,PID,0.005,0.0001,0.005,0.0001,25,7891.0
10.390,-28,21,PID,0.005,0.0001,0.005,0.0001,25,8147.0
10.413,-28,21,PID,0.005,0.0001,0.005,0.0001,25,8147.0
10.434,-45,18,PID,0.005,0.0001,0.005,0.0001,25,9376.5
10.457,-56,17,PID,0.005,0.0001,0.005,0.0001,25,10854.0
10.480,-69,17,PID,0.005,0.0001,0.005,0.0001,25,11717.5
10.502,-69,17,PID,0.005,0.0001,0.005,0.0001,25,11717.5
10.526,-83,17,PID,0.005,0.0001,0.005,0.0001,25,12042.0
10.548,-93,17,PID,0.005,0.0001,0.005,0.0001,25,12202.0
10.569,-93,17,PID,0.005,0.0001,0.005,0.0001,25,12202.0
10.590,-104,16,PID,0.005,0.0001,0.005,0.0001,25,12389.5
10.612,-115,15,PID,0.005,0.0001,0.005,0.0001,25,12014.0
10.633,-115,15,PID,0.005,0.0001,0.005,0.0001,25,12022.0
10.656,-124,12,PID,0.005,0.0001,0.005,0.0001,25,12589.5
10.679,-134,12,PID,0.005,0.0001,0.005,0.0001,25,11956.0
10.702,-134,12,PID,0.005,0.0001,0.005,0.0001,25,11956.0
10.723,-141,13,PID,0.005,0.0001,0.005,0.0001,25,11509.5
10.744,-147,10,PID,0.005,0.0001,0.005,0.0001,25,11783.5
10.767,-147,10,PID,0.005,0.0001,0.005,0.0001,25,11783.5
10.788,-151,8,PID,0.005,0.0001,0.005,0.0001,25,11443.0
10.812,-153,6,PID,0.005,0.0001,0.005,0.0001,25,11124.0
10.834,-153,6,PID,0.005,0.0001,0.005,0.0001,25,11124.0
10.859,-153,3,PID,0.005,0.0001,0.005,0.0001,25,11160.5
10.881,-152,1,PID,0.005,0.0001,0.005,0.0001,25,10794.5
10.904,-149,-1,PID,0.005,0.0001,0.005,0.0001,25,10750.5
10.925,-149,-1,PID,0.005,0.0001,0.005,0.0001,25,10750.5
10.946,-138,-12,PID,0.005,0.0001,0.005,0.0001,25,11876.5
10.967,-135,-16,PID,0.005,0.0001,0.005,0.0001,25,12367.0
10.988,-138,-8,PID,0.005,0.0001,0.005,0.0001,25,10633.5
11.011,-122,-21,PID,0.005,0.0001,0.005,0.0001,25,11748.5
11.033,-118,-24,PID,0.005,0.0001,0.005,0.0001,25,12245.0
11.055,-104,-30,PID,0.005,0.0001,0.005,0.0001,25,12572.0
11.077,-104,-21,PID,0.005,0.0001,0.005,0.0001,25,10165.5
11.099,-104,-21,PID,0.005,0.0001,0.005,0.0001,25,10165.5
11.120,-77,-37,PID,0.005,0.0001,0.005,0.0001,25,11891.5
11.143,-72,-41,PID,0.005,0.0001,0.005,0.0001,25,12479.0
11.165,-56,-44,PID,0.005,0.0001,0.005,0.0001,25,12603.0
11.189,-41,-42,PID,0.005,0.0001,0.005,0.0001,25,10778.5
11.213,-24,-44,PID,0.005,0.0001,0.005,0.0001,25,10052.0
11.235,-21,-46,PID,0.005,0.0001,0.005,0.0001,25,10327.5
11.256,-6,-49,PID,0.005,0.0001,0.005,0.0001,25,10042.0
11.278,-3,-50,PID,0.005,0.0001,0.005,0.0001,25,10309.0
11.301,8,-38,PID,0.005,0.0001,0.005,0.0001,25,8183.0
11.323,44,-69,PID,0.005,0.0001,0.005,0.0001,25,4806.5
11.345,55,-75,PID,0.005,0.0001,0.005,0.0001,25,5339.0
11.366,67,-70,PID,0.005,0.0001,0.005,0.0001,25,5664.0
11.387,32,-17,PID,0.005,0.0001,0.005,0.0001,25,3895.5
11.409,27,12,PID,0.005,0.0001,0.005,0.0001,25,7058.0
11.430,34,23,PID,0.005,0.0001,0.005,0.0001,25,7476.5
11.452,46,21,PID,0.005,0.0001,0.005,0.0001,25,9335.5
11.475,46,20,PID,0.005,0.0001,0.005,0.0001,25,9401.5
11.497,43,49,PID,0.005,0.0001,0.005,0.0001,25,8782.5
11.522,52,58,PID,0.005,0.0001,0.005,0.0001,25,9661.0
11.545,52,58,PID,0.005,0.0001,0.005,0.0001,25,9661.0
11.567,66,55,PID,0.005,0.0001,0.005,0.0001,25,11146.5
11.587,79,57,PID,0.005,0.0001,0.005,0.0001,25,11494.5
11.610,93,58,PID,0.005,0.0001,0.005,0.0001,25,11333.5
11.632,93,58,PID,0.005,0.0001,0.005,0.0001,25,11333.5
11.654,102,54,PID,0.005,0.0001,0.005,0.0001,25,11882.5
11.676,102,54,PID,0.005,0.0001,0.005,0.0001,25,11882.5
11.699,119,57,PID,0.005,0.0001,0.005,0.0001,25,12521.0
11.721,128,53,PID,0.005,0.0001,0.005,0.0001,25,11925.5
11.744,139,48,PID,0.005,0.0001,0.005,0.0001,25,13170.5
11.767,139,48,PID,0.005,0.0001,0.005,0.0001,25,13170.5
11.789,149,43,PID,0.005,0.0001,0.005,0.0001,25,12804.5
11.810,149,43,PID,0.005,0.0001,0.005,0.0001,25,12804.5
11.831,153,39,PID,0.005,0.0001,0.005,0.0001,25,12646.0
11.857,161,31,PID,0.005,0.0001,0.005,0.0001,25,13521.5
11.879,161,31,PID,0.005,0.0001,0.005,0.0001,25,13517.5
11.901,161,23,PID,0.005,0.0001,0.005,0.0001,25,13526.5
11.922,162,12,PID,0.005,0.0001,0.005,0.0001,25,13306.5
11.944,162,12,PID,0.005,0.0001,0.005,0.0001,25,13339.0
11.966,158,-1,PID,0.005,0.0001,0.005,0.0001,25,13825.5
11.987,153,-11,PID,0.005,0.0001,0.005,0.0001,25,13514.5
12.011,144,-25,PID,0.005,0.0001,0.005,0.0001,25,13675.5
12.033,144,-25,PID,0.005,0.0001,0.005,0.0001,25,13758.0
12.054,133,-28,PID,0.005,0.0001,0.005,0.0001,25,14093.0
12.077,133,-29,PID,0.005,0.0001,0.005,0.0001,25,14147.0
12.100,118,-26,PID,0.005,0.0001,0.005,0.0001,25,13836.5
12.121,105,-28,PID,0.005,0.0001,0.005,0.0001,25,13887.0
12.144,105,-28,PID,0.005,0.0001,0.005,0.0001,25,13937.0
12.166,87,-34,PID,0.005,0.0001,0.005,0.0001,35,15770.0
12.193,70,-26,PID,0.005,0.0001,0.005,0.0001,25,14022.5
12.213,55,-30,PID,0.005,0.0001,0.005,0.0001,25,14278.0
12.235,55,-31,PID,0.005,0.0001,0.005,0.0001,25,14437.5
12.257,37,-29,PID,0.005,0.0001,0.005,0.0001,25,13053.5
12.279,10,-23,PID,0.005,0.0001,0.005,0.0001,35,15934.5
12.301,10,-22,PID,0.005,0.0001,0.005,0.0001,35,15787.5
12.323,-8,-21,PID,0.005,0.0001,0.005,0.0001,35,15512.0
12.346,-34,-19,PID,0.005,0.0001,0.005,0.0001,25,11336.5
12.369,-34,-18,PID,0.005,0.0001,0.005,0.0001,25,11213.0
12.390,-50,0,PID,0.005,0.0001,0.005,0.0001,25,11212.0
12.412,-61,8,PID,0.005,0.0001,0.005,0.0001,25,11774.0
12.435,-62,12,PID,0.005,0.0001,0.005,0.0001,25,11364.5
12.455,-70,9,PID,0.005,0.0001,0.005,0.0001,25,11971.0
12.479,-79,11,PID,0.005,0.0001,0.005,0.0001,25,12569.0
12.500,-79,11,PID,0.005,0.0001,0.005,0.0001,25,12569.0
12.525,-81,12,PID,0.005,0.0001,0.005,0.0001,25,12506.0
12.545,-86,11,PID,0.005,0.0001,0.005,0.0001,25,12959.5
12.568,-86,11,PID,0.005,0.0001,0.005,0.0001,25,12959.5
12.590,-91,13,PID,0.005,0.0001,0.005,0.0001,25,12736.0
12.613,-91,13,PID,0.005,0.0001,0.005,0.0001,25,12736.0
12.634,-96,13,PID,0.005,0.0001,0.005,0.0001,25,12607.5
12.656,-99,11,PID,0.005,0.0001,0.005,0.0001,25,13331.5
12.679,-103,14,PID,0.005,0.0001,0.005,0.0001,25,12703.5
12.701,-103,14,PID,0.005,0.0001,0.005,0.0001,25,12703.5
12.722,-104,11,PID,0.005,0.0001,0.005,0.0001,25,13170.5
12.744,-106,11,PID,0.005,0.0001,0.005,0.0001,25,13286.5
12.765,-106,11,PID,0.005,0.0001,0.005,0.0001,25,13286.5
12.787,-110,14,PID,0.005,0.0001,0.005,0.0001,25,12705.5
12.810,-111,15,PID,0.005,0.0001,0.005,0.0001,25,12290.0
12.833,-111,15,PID,0.005,0.0001,0.005,0.0001,25,12290.0
12.858,-110,13,PID,0.005,0.0001,0.005,0.0001,25,12353.0
12.880,-109,14,PID,0.005,0.0001,0.005,0.0001,25,12099.0
12.901,-109,14,PID,0.005,0.0001,0.005,0.0001,25,12099.0
12.922,-108,13,PID,0.005,0.0001,0.005,0.0001,25,11861.5
12.945,-105,11,PID,0.005,0.0001,0.005,0.0001,25,12091.0
12.967,-105,11,PID,0.005,0.0001,0.005,0.0001,25,12091.0
12.989,-103,10,PID,0.005,0.0001,0.005,0.0001,25,11739.0
13.011,-103,10,PID,0.005,0.0001,0.005,0.0001,25,11739.0
13.034,-98,8,PID,0.005,0.0001,0.005,0.0001,25,11690.5
13.057,-93,6,PID,0.005,0.0001,0.005,0.0001,25,11642.5
13.079,-93,6,PID,0.005,0.0001,0.005,0.0001,25,11642.5
13.102,-87,4,PID,0.005,0.0001,0.005,0.0001,25,11393.0
13.122,-80,2,PID,0.005,0.0001,0.005,0.0001,25,11139.0
13.146,-72,-1,PID,0.005,0.0001,0.005,0.0001,25,10949.5
13.169,-72,-1,PID,0.005,0.0001,0.005,0.0001,25,10946.0
13.194,-63,-2,PID,0.005,0.0001,0.005,0.0001,25,10149.5
13.217,-47,-11,PID,0.005,0.0001,0.005,0.0001,25,10075.0
13.238,-45,-14,PID,0.005,0.0001,0.005,0.0001,25,10446.5
13.258,-30,-20,PID,0.005,0.0001,0.005,0.0001,25,9686.0
13.281,-13,-21,PID,0.005,0.0001,0.005,0.0001,25,8995.5
13.302,-12,-22,PID,0.005,0.0001,0.005,0.0001,25,9037.5
13.322,12,-32,PID,0.005,0.0001,0.005,0.0001,25,10083.5
13.345,30,-26,PID,0.005,0.0001,0.005,0.0001,25,11087.5
13.367,29,-25,PID,0.005,0.0001,0.005,0.0001,25,10808.5
13.388,39,-15,PID,0.005,0.0001,0.005,0.0001,25,9706.5
13.412,50,-13,PID,0.005,0.0001,0.005,0.0001,25,10693.0
13.435,50,-13,PID,0.005,0.0001,0.005,0.0001,25,10693.0
13.456,65,-15,PID,0.005,0.0001,0.005,0.0001,25,13291.5
13.477,78,-7,PID,0.005,0.0001,0.005,0.0001,25,12658.5
13.499,78,-7,PID,0.005,0.0001,0.005,0.0001,25,12658.5
13.525,91,-3,PID,0.005,0.0001,0.005,0.0001,25,12824.5
13.546,106,-1,PID,0.005,0.0001,0.005,0.0001,25,13842.5
13.566,106,-1,PID,0.005,0.0001,0.005,0.0001,25,13842.5
13.587,121,0,PID,0.005,0.0001,0.005,0.0001,25,13365.5
13.609,121,0,PID,0.005,0.0001,0.005,0.0001,25,13365.5
13.630,129,1,PID,0.005,0.0001,0.005,0.0001,25,13677.0
13.651,140,0,PID,0.005,0.0001,0.005,0.0001,25,14333.5
13.673,141,0,PID,0.005,0.0001,0.005,0.0001,25,14382.0
13.694,147,4,PID,0.005,0.0001,0.005,0.0001,25,13946.0
13.715,153,6,PID,0.005,0.0001,0.005,0.0001,25,14217.5
13.737,153,6,PID,0.005,0.0001,0.005,0.0001,25,14217.5
13.757,157,6,PID,0.005,0.0001,0.005,0.0001,25,14542.0
13.778,158,10,PID,0.005,0.0001,0.005,0.0001,25,14395.5
13.801,158,10,PID,0.005,0.0001,0.005,0.0001,25,14395.5
13.822,159,8,PID,0.005,0.0001,0.005,0.0001,25,14756.5
13.851,157,9,PID,0.005,0.0001,0.005,0.0001,35,15161.5
13.872,157,9,PID,0.005,0.0001,0.005,0.0001,35,15122.0
13.893,152,9,PID,0.005,0.0001,0.005,0.0001,25,14728.5
13.915,146,8,PID,0.005,0.0001,0.005,0.0001,25,14927.5
13.937,146,8,PID,0.005,0.0001,0.005,0.0001,25,14930.5
13.957,139,7,PID,0.005,0.0001,0.005,0.0001,35,15022.0
13.978,127,8,PID,0.005,0.0001,0.005,0.0001,25,14719.5
14.001,127,8,PID,0.005,0.0001,0.005,0.0001,25,14719.0
14.022,114,8,PID,0.005,0.0001,0.005,0.0001,25,14573.0
14.045,99,8,PID,0.005,0.0001,0.005,0.0001,25,14794.5
14.068,99,8,PID,0.005,0.0001,0.005,0.0001,25,14794.5
14.089,80,12,PID,0.005,0.0001,0.005,0.0001,25,13783.5
14.112,65,15,PID,0.005,0.0001,0.005,0.0001,25,12337.0
14.134,65,15,PID,0.005,0.0001,0.005,0.0001,25,12294.0
14.156,40,21,PID,0.005,0.0001,0.005,0.0001,25,11201.5
14.183,10,34,PID,0.005,0.0001,0.005,0.0001,25,9528.0
14.206,-23,35,PID,0.005,0.0001,0.005,0.0001,25,9753.0
14.228,-23,35,PID,0.005,0.0001,0.005,0.0001,25,9753.0
14.249,-47,31,PID,0.005,0.0001,0.005,0.0001,25,11708.0
14.272,-65,29,PID,0.005,0.0001,0.005,0.0001,25,13147.5
14.292,-65,29,PID,0.005,0.0001,0.005,0.0001,25,13147.5
14.313,-82,27,PID,0.005,0.0001,0.005,0.0001,25,13787.5
14.336,-82,27,PID,0.005,0.0001,0.005,0.0001,25,13787.5
14.357,-96,22,PID,0.005,0.0001,0.005,0.0001,25,14084.5
14.379,-104,16,PID,0.005,0.0001,0.005,0.0001,25,13602.0
14.401,-104,16,PID,0.005,0.0001,0.005,0.0001,25,13602.0
14.422,-108,8,PID,0.005,0.0001,0.005,0.0001,25,13537.0
14.445,-111,7,PID,0.005,0.0001,0.005,0.0001,25,13788.0
14.466,-111,7,PID,0.005,0.0001,0.005,0.0001,25,13793.5
14.488,-115,7,PID,0.005,0.0001,0.005,0.0001,25,12977.5
14.510,-115,7,PID,0.005,0.0001,0.005,0.0001,25,12977.5
14.533,-115,5,PID,0.005,0.0001,0.005,0.0001,25,13113.5
14.555,-115,4,PID,0.005,0.0001,0.005,0.0001,25,13048.5
14.578,-114,4,PID,0.005,0.0001,0.005,0.0001,25,12841.5
14.601,-114,4,PID,0.005,0.0001,0.005,0.0001,25,12841.5
14.622,-113,3,PID,0.005,0.0001,0.005,0.0001,25,12802.5
14.643,-113,3,PID,0.005,0.0001,0.005,0.0001,25,12802.5
14.666,-111,3,PID,0.005,0.0001,0.005,0.0001,25,12782.5
14.687,-107,3,PID,0.005,0.0001,0.005,0.0001,25,12821.0
14.711,-103,3,PID,0.005,0.0001,0.005,0.0001,25,12757.0
14.734,-103,3,PID,0.005,0.0001,0.005,0.0001,25,12757.0
14.754,-98,3,PID,0.005,0.0001,0.005,0.0001,25,12828.0
14.776,-93,3,PID,0.005,0.0001,0.005,0.0001,25,12584.5
14.798,-93,3,PID,0.005,0.0001,0.005,0.0001,25,12584.5
14.819,-89,3,PID,0.005,0.0001,0.005,0.0001,25,12619.0
14.843,-84,2,PID,0.005,0.0001,0.005,0.0001,25,12453.5
14.866,-84,2,PID,0.005,0.0001,0.005,0.0001,25,12453.5
14.886,-80,2,PID,0.005,0.0001,0.005,0.0001,25,12220.5
14.910,-75,0,PID,0.005,0.0001,0.005,0.0001,25,12007.5
14.933,-75,0,PID,0.005,0.0001,0.005,0.0001,25,12007.5
14.954,-69,0,PID,0.005,0.0001,0.005,0.0001,25,11896.5
14.976,-69,0,PID,0.005,0.0001,0.005,0.0001,25,11896.5
14.998,-61,-1,PID,0.005,0.0001,0.005,0.0001,25,11401.5
15.019,-53,-2,PID,0.005,0.0001,0.005,0.0001,25,10683.5
15.043,-40,-3,PID,0.005,0.0001,0.005,0.0001,25,10173.0
15.065,-40,-3,PID,0.005,0.0001,0.005,0.0001,25,10173.0
15.086,-22,-5,PID,0.005,0.0001,0.005,0.0001,25,9879.5
15.108,-22,-5,PID,0.005,0.0001,0.005,0.0001,25,9879.5
15.130,2,-12,PID,0.005,0.0001,0.005,0.0001,25,10553.0
15.152,17,-13,PID,0.005,0.0001,0.005,0.0001,35,16222.0
15.175,17,-13,PID,0.005,0.0001,0.005,0.0001,35,16300.5
15.198,37,-5,PID,0.005,0.0001,0.005,0.0001,25,12266.0
15.221,52,-6,PID,0.005,0.0001,0.005,0.0001,25,13204.5
15.244,62,-2,PID,0.005,0.0001,0.005,0.0001,35,15731.5
15.267,62,-3,PID,0.005,0.0001,0.005,0.0001,35,15691.5
15.289,77,0,PID,0.005,0.0001,0.005,0.0001,35,15776.5
15.311,77,0,PID,0.005,0.0001,0.005,0.0001,35,15768.5
15.334,93,4,PID,0.005,0.0001,0.005,0.0001,35,16803.0
15.355,109,6,PID,0.005,0.0001,0.005,0.0001,35,17468.5
15.378,118,11,PID,0.005,0.0001,0.005,0.0001,35,17426.5
15.399,117,10,PID,0.005,0.0001,0.005,0.0001,35,17400.5
15.421,127,13,PID,0.005,0.0001,0.005,0.0001,35,18199.0
15.445,136,15,PID,0.005,0.0001,0.005,0.0001,35,18890.0
15.467,136,15,PID,0.005,0.0001,0.005,0.0001,35,18843.0
15.489,143,20,PID,0.005,0.0001,0.005,0.0001,35,19006.5
15.516,146,22,PID,0.005,0.0001,0.005,0.0001,35,19276.0
15.540,149,21,PID,0.005,0.0001,0.005,0.0001,35,20387.0
15.561,149,21,PID,0.005,0.0001,0.005,0.0001,35,20420.5
15.581,149,24,PID,0.005,0.0001,0.005,0.0001,35,20590.0
15.604,149,24,PID,0.005,0.0001,0.005,0.0001,35,20551.5
15.625,145,25,PID,0.005,0.0001,0.005,0.0001,35,21282.5
15.647,140,25,PID,0.005,0.0001,0.005,0.0001,35,22253.5
15.668,140,25,PID,0.005,0.0001,0.005,0.0001,35,22253.5
15.689,128,27,PID,0.005,0.0001,0.005,0.0001,35,22254.5
15.710,115,27,PID,0.005,0.0001,0.005,0.0001,35,22439.0
15.733,115,27,PID,0.005,0.0001,0.005,0.0001,35,22439.0
15.755,103,27,PID,0.005,0.0001,0.005,0.0001,35,22174.5
15.778,88,30,PID,0.005,0.0001,0.005,0.0001,35,20804.5
15.801,88,30,PID,0.005,0.0001,0.005,0.0001,35,20746.5
15.822,69,33,PID,0.005,0.0001,0.005,0.0001,35,19923.5
15.846,48,35,PID,0.005,0.0001,0.005,0.0001,35,19409.0
15.869,45,34,PID,0.005,0.0001,0.005,0.0001,35,19833.5
15.889,12,28,PID,0.005,0.0001,0.005,0.0001,35,25711.5
15.910,-15,42,PID,0.005,0.0001,0.005,0.0001,35,19831.5
15.932,-14,44,PID,0.005,0.0001,0.005,0.0001,35,19351.5
15.952,-45,45,PID,0.005,0.0001,0.005,0.0001,35,20769.5
15.975,-45,45,PID,0.005,0.0001,0.005,0.0001,35,20698.0
15.998,-69,44,PID,0.005,0.0001,0.005,0.0001,35,23149.5
16.020,-86,40,PID,0.005,0.0001,0.005,0.0001,35,25241.0
16.043,-86,39,PID,0.005,0.0001,0.005,0.0001,35,25586.5
16.066,-101,38,PID,0.005,0.0001,0.005,0.0001,35,27738.0
16.086,-109,38,PID,0.005,0.0001,0.005,0.0001,35,28271.5
16.108,-113,37,PID,0.005,0.0001,0.005,0.0001,35,28036.0
16.130,-113,37,PID,0.005,0.0001,0.005,0.0001,35,28082.5
16.153,-114,32,PID,0.005,0.0001,0.005,0.0001,35,28207.5
16.180,-114,31,PID,0.005,0.0001,0.005,0.0001,35,28547.0
16.202,-113,25,PID,0.005,0.0001,0.005,0.0001,35,27592.5
16.223,-113,21,PID,0.005,0.0001,0.005,0.0001,35,27716.0
16.244,-112,18,PID,0.005,0.0001,0.005,0.0001,35,27840.5
16.266,-112,18,PID,0.005,0.0001,0.005,0.0001,35,28227.5
16.288,-110,17,PID,0.005,0.0001,0.005,0.0001,35,27905.5
16.314,-111,18,PID,0.005,0.0001,0.005,0.0001,35,27993.0
16.337,-111,18,PID,0.005,0.0001,0.005,0.0001,35,27966.5
16.360,-110,19,PID,0.005,0.0001,0.005,0.0001,35,27853.0
16.381,-110,19,PID,0.005,0.0001,0.005,0.0001,35,27541.0
16.402,-110,19,PID,0.005,0.0001,0.005,0.0001,35,27541.0
16.425,-112,19,PID,0.005,0.0001,0.005,0.0001,35,27716.0
16.446,-114,18,PID,0.005,0.0001,0.005,0.0001,35,27872.5
16.469,-114,18,PID,0.005,0.0001,0.005,0.0001,35,27910.0
16.490,-116,18,PID,0.005,0.0001,0.005,0.0001,35,27566.5
16.516,-118,17,PID,0.005,0.0001,0.005,0.0001,35,27665.0
16.538,-118,17,PID,0.005,0.0001,0.005,0.0001,35,27704.5
16.559,-123,16,PID,0.005,0.0001,0.005,0.0001,35,27560.0
16.580,-126,16,PID,0.005,0.0001,0.005,0.0001,35,27198.5
16.602,-126,16,PID,0.005,0.0001,0.005,0.0001,35,27198.5
16.622,-127,15,PID,0.005,0.0001,0.005,0.0001,35,26930.5
16.643,-128,14,PID,0.005,0.0001,0.005,0.0001,35,27036.5
16.666,-128,13,PID,0.005,0.0001,0.005,0.0001,35,27075.5
16.686,-126,14,PID,0.005,0.0001,0.005,0.0001,35,26642.0
16.709,-119,15,PID,0.005,0.0001,0.005,0.0001,35,26353.0
16.732,-119,15,PID,0.005,0.0001,0.005,0.0001,35,26322.5
16.753,-107,15,PID,0.005,0.0001,0.005,0.0001,35,26142.5
16.776,-107,15,PID,0.005,0.0001,0.005,0.0001,35,26142.5
16.798,-92,18,PID,0.005,0.0001,0.005,0.0001,35,24479.0
16.819,-72,21,PID,0.005,0.0001,0.005,0.0001,35,22787.5
16.846,-42,25,PID,0.005,0.0001,0.005,0.0001,35,22206.5
16.870,-42,29,PID,0.005,0.0001,0.005,0.0001,35,21819.5
16.890,-4,34,PID,0.005,0.0001,0.005,0.0001,35,22075.0
16.912,32,29,PID,0.005,0.0001,0.005,0.0001,35,29233.5
16.932,31,25,PID,0.005,0.0001,0.005,0.0001,35,29606.0
16.952,73,26,PID,0.005,0.0001,0.005,0.0001,35,25914.0
16.976,103,26,PID,0.005,0.0001,0.005,0.0001,35,28262.0
16.998,103,26,PID,0.005,0.0001,0.005,0.0001,35,28262.0
17.019,132,26,PID,0.005,0.0001,0.005,0.0001,35,29898.5
17.043,132,26,PID,0.005,0.0001,0.005,0.0001,35,29835.5
17.066,163,27,PID,0.005,0.0001,0.005,0.0001,35,30670.0
17.087,186,28,PID,0.005,0.0001,0.005,0.0001,35,30646.5
17.110,202,28,PID,0.005,0.0001,0.005,0.0001,35,31119.0
17.134,202,28,PID,0.005,0.0001,0.005,0.0001,35,31119.0
17.155,212,27,PID,0.005,0.0001,0.005,0.0001,35,31475.0
17.181,215,26,PID,0.005,0.0001,0.005,0.0001,35,32176.5
17.203,215,26,PID,0.005,0.0001,0.005,0.0001,35,32189.5
17.223,213,25,PID,0.005,0.0001,0.005,0.0001,35,32861.5
17.244,206,24,PID,0.005,0.0001,0.005,0.0001,35,33414.0
17.266,205,23,PID,0.005,0.0001,0.005,0.0001,35,33438.0
17.286,196,23,PID,0.005,0.0001,0.005,0.0001,35,34047.0
17.308,182,23,PID,0.005,0.0001,0.005,0.0001,35,34399.5
17.330,182,23,PID,0.005,0.0001,0.005,0.0001,35,34458.0
17.352,169,22,PID,0.005,0.0001,0.005,0.0001,35,34871.0
17.376,149,22,PID,0.005,0.0001,0.005,0.0001,35,34348.0
17.399,147,21,PID,0.005,0.0001,0.005,0.0001,35,35108.5
17.421,130,21,PID,0.005,0.0001,0.005,0.0001,35,34444.5
17.443,129,20,PID,0.005,0.0001,0.005,0.0001,35,34849.5
17.465,111,21,PID,0.005,0.0001,0.005,0.0001,35,33264.5
17.486,94,24,PID,0.005,0.0001,0.005,0.0001,35,30411.0
17.513,91,25,PID,0.005,0.0001,0.005,0.0001,35,31337.0
17.536,75,31,PID,0.005,0.0001,0.005,0.0001,35,27916.5
17.557,54,40,PID,0.005,0.0001,0.005,0.0001,35,25172.0
17.577,17,40,PID,0.005,0.0001,0.005,0.0001,35,29924.0
17.600,2,36,PID,0.005,0.0001,0.005,0.0001,35,34709.5
17.621,-24,39,PID,0.005,0.0001,0.005,0.0001,35,34110.0
17.643,-64,54,PID,0.005,0.0001,0.005,0.0001,35,26704.5
17.666,-77,56,PID,0.005,0.0001,0.005,0.0001,35,30390.5
17.686,-98,58,PID,0.005,0.0001,0.005,0.0001,35,32889.0
17.708,-119,59,PID,0.005,0.0001,0.005,0.0001,35,34956.5
17.731,-126,57,PID,0.005,0.0001,0.005,0.0001,35,37182.0
17.752,-149,59,PID,0.005,0.0001,0.005,0.0001,35,35375.0
17.775,-157,58,PID,0.005,0.0001,0.005,0.0001,35,38174.5
17.797,-174,64,PID,0.005,0.0001,0.005,0.0001,35,35252.0
17.818,-189,66,PID,0.005,0.0001,0.005,0.0001,35,35075.0
17.841,-194,66,PID,0.005,0.0001,0.005,0.0001,35,36632.0
17.864,-202,64,PID,0.005,0.0001,0.005,0.0001,35,35671.5
17.885,-207,59,PID,0.005,0.0001,0.005,0.0001,35,35436.5
17.908,-207,57,PID,0.005,0.0001,0.005,0.0001,35,35551.5
17.929,-208,52,PID,0.005,0.0001,0.005,0.0001,35,35186.5
17.951,-203,45,PID,0.005,0.0001,0.005,0.0001,35,35497.0
17.972,-205,41,PID,0.005,0.0001,0.005,0.0001,35,36006.5
17.994,-198,33,PID,0.005,0.0001,0.005,0.0001,35,36010.5
18.015,-189,23,PID,0.005,0.0001,0.005,0.0001,35,36065.0
18.038,-191,17,PID,0.005,0.0001,0.005,0.0001,35,36995.5
18.060,-177,9,PID,0.005,0.0001,0.005,0.0001,35,35525.0
18.082,-162,0,PID,0.005,0.0001,0.005,0.0001,35,34684.5
18.108,-147,-9,PID,0.005,0.0001,0.005,0.0001,35,33832.0
18.131,-150,-15,PID,0.005,0.0001,0.005,0.0001,35,34670.5
18.153,-135,-20,PID,0.005,0.0001,0.005,0.0001,35,33736.0
18.181,-136,-23,PID,0.005,0.0001,0.005,0.0001,35,34016.0
18.205,-110,-27,PID,0.005,0.0001,0.005,0.0001,35,30071.0
18.226,-110,-31,PID,0.005,0.0001,0.005,0.0001,35,30375.5
18.247,-95,-36,PID,0.005,0.0001,0.005,0.0001,35,29000.0
18.271,-96,-41,PID,0.005,0.0001,0.005,0.0001,35,28974.5
18.292,-81,-47,PID,0.005,0.0001,0.005,0.0001,35,27020.5
18.313,-62,-57,PID,0.005,0.0001,0.005,0.0001,35,26595.5
18.336,-62,-64,PID,0.005,0.0001,0.005,0.0001,35,26974.5
18.357,-40,-66,PID,0.005,0.0001,0.005,0.0001,35,26567.0
18.379,-15,-67,PID,0.005,0.0001,0.005,0.0001,35,25959.5
18.401,-16,-68,PID,0.005,0.0001,0.005,0.0001,35,25845.0
18.422,10,-68,PID,0.005,0.0001,0.005,0.0001,35,26833.0
18.444,38,-66,PID,0.005,0.0001,0.005,0.0001,35,27078.5
18.466,37,-65,PID,0.005,0.0001,0.005,0.0001,35,27071.0
18.486,60,-61,PID,0.005,0.0001,0.005,0.0001,35,26249.5
18.513,78,-54,PID,0.005,0.0001,0.005,0.0001,35,27337.5
18.534,79,-49,PID,0.005,0.0001,0.005,0.0001,35,27827.5
18.554,94,-39,PID,0.005,0.0001,0.005,0.0001,35,28915.5
18.576,104,-26,PID,0.005,0.0001,0.005,0.0001,35,27818.0
18.599,105,-18,PID,0.005,0.0001,0.005,0.0001,35,29129.5
18.620,110,-8,PID,0.005,0.0001,0.005,0.0001,35,28969.5
18.643,111,-2,PID,0.005,0.0001,0.005,0.0001,35,29705.0
18.665,114,5,PID,0.005,0.0001,0.005,0.0001,35,30026.0
18.687,116,12,PID,0.005,0.0001,0.005,0.0001,35,30397.0
18.710,121,15,PID,0.005,0.0001,0.005,0.0001,35,31276.5
18.731,121,18,PID,0.005,0.0001,0.005,0.0001,35,31324.5
18.752,126,19,PID,0.005,0.0001,0.005,0.0001,35,32199.0
18.776,127,21,PID,0.005,0.0001,0.005,0.0001,35,31887.0
18.799,127,23,PID,0.005,0.0001,0.005,0.0001,35,31887.0
18.819,131,23,PID,0.005,0.0001,0.005,0.0001,35,32390.0
18.842,133,23,PID,0.005,0.0001,0.005,0.0001,35,33191.0
18.865,133,23,PID,0.005,0.0001,0.005,0.0001,35,33191.0
18.886,133,23,PID,0.005,0.0001,0.005,0.0001,35,33407.0
18.910,134,23,PID,0.005,0.0001,0.005,0.0001,35,33903.0
18.932,134,23,PID,0.005,0.0001,0.005,0.0001,35,33903.0
18.953,132,23,PID,0.005,0.0001,0.005,0.0001,35,34380.0
18.976,130,23,PID,0.005,0.0001,0.005,0.0001,35,34228.0
18.999,130,23,PID,0.005,0.0001,0.005,0.0001,35,34228.0
19.020,127,22,PID,0.005,0.0001,0.005,0.0001,35,34445.0
19.043,123,20,PID,0.005,0.0001,0.005,0.0001,35,34788.0
19.066,123,19,PID,0.005,0.0001,0.005,0.0001,35,34820.0
19.086,115,18,PID,0.005,0.0001,0.005,0.0001,35,34040.5
19.108,109,17,PID,0.005,0.0001,0.005,0.0001,35,33907.0
19.130,108,16,PID,0.005,0.0001,0.005,0.0001,35,33931.0
19.151,101,16,PID,0.005,0.0001,0.005,0.0001,35,32541.5
19.174,90,17,PID,0.005,0.0001,0.005,0.0001,35,30611.5
19.197,88,17,PID,0.005,0.0001,0.005,0.0001,35,31202.5
19.218,78,19,PID,0.005,0.0001,0.005,0.0001,35,29271.0
19.240,64,17,PID,0.005,0.0001,0.005,0.0001,35,35368.0
19.262,44,17,PID,0.005,0.0001,0.005,0.0001,35,34803.0
19.284,25,17,PID,0.005,0.0001,0.005,0.0001,35,34873.5
19.308,4,19,PID,0.005,0.0001,0.005,0.0001,35,34898.5
19.330,-2,18,PID,0.005,0.0001,0.005,0.0001,35,36863.5
19.351,-21,20,PID,0.005,0.0001,0.005,0.0001,35,35490.0
19.375,-42,23,PID,0.005,0.0001,0.005,0.0001,35,34794.0
19.396,-48,23,PID,0.005,0.0001,0.005,0.0001,35,36726.5
19.418,-79,30,PID,0.005,0.0001,0.005,0.0001,35,28523.0
19.442,-96,34,PID,0.005,0.0001,0.005,0.0001,35,31595.0
19.466,-95,37,PID,0.005,0.0001,0.005,0.0001,35,31262.0
19.488,-108,41,PID,0.005,0.0001,0.005,0.0001,35,34069.5
19.515,-119,45,PID,0.005,0.0001,0.005,0.0001,35,35804.0
19.539,-119,47,PID,0.005,0.0001,0.005,0.0001,35,36224.0
19.561,-127,50,PID,0.005,0.0001,0.005,0.0001,35,36904.5
19.585,-134,53,PID,0.005,0.0001,0.005,0.0001,35,36902.5
19.608,-134,55,PID,0.005,0.0001,0.005,0.0001,35,37102.5
19.631,-141,57,PID,0.005,0.0001,0.005,0.0001,35,36563.0
19.652,-151,58,PID,0.005,0.0001,0.005,0.0001,35,36419.0
19.676,-159,60,PID,0.005,0.0001,0.005,0.0001,35,36804.0
19.699,-159,61,PID,0.005,0.0001,0.005,0.0001,35,36988.5
19.719,-165,61,PID,0.005,0.0001,0.005,0.0001,35,36588.0
19.741,-166,60,PID,0.005,0.0001,0.005,0.0001,35,36396.0
19.764,-166,60,PID,0.005,0.0001,0.005,0.0001,35,36428.0
19.785,-168,59,PID,0.005,0.0001,0.005,0.0001,35,35840.0
19.807,-165,58,PID,0.005,0.0001,0.005,0.0001,35,35584.5
19.830,-165,57,PID,0.005,0.0001,0.005,0.0001,35,35628.5
19.854,-157,54,PID,0.005,0.0001,0.005,0.0001,35,34903.0
19.877,-149,48,PID,0.005,0.0001,0.005,0.0001,35,33694.5
19.899,-150,44,PID,0.005,0.0001,0.005,0.0001,35,34289.5
19.920,-137,39,PID,0.005,0.0001,0.005,0.0001,35,33006.5
19.942,-138,35,PID,0.005,0.0001,0.005,0.0001,35,33467.0
19.965,-125,30,PID,0.005,0.0001,0.005,0.0001,35,31268.0
19.986,-110,24,PID,0.005,0.0001,0.005,0.0001,35,28373.5
20.009,-93,17,PID,0.005,0.0001,0.005,0.0001,35,25823.5
20.030,-93,12,PID,0.005,0.0001,0.005,0.0001,35,26702.5
20.053,-69,3,PID,0.005,0.0001,0.005,0.0001,35,25334.0
20.077,-31,-4,PID,0.005,0.0001,0.005,0.0001,35,32189.5
20.098,-29,-9,PID,0.005,0.0001,0.005,0.0001,35,33877.0
20.118,0,-14,PID,0.005,0.0001,0.005,0.0001,35,34420.0
20.141,0,-19,PID,0.005,0.0001,0.005,0.0001,35,35232.5
20.162,28,-22,PID,0.005,0.0001,0.005,0.0001,35,35583.5
20.188,66,-28,PID,0.005,0.0001,0.005,0.0001,35,30675.5
20.210,91,-30,PID,0.005,0.0001,0.005,0.0001,35,33365.0
20.232,91,-32,PID,0.005,0.0001,0.005,0.0001,35,33349.0
20.254,114,-31,PID,0.005,0.0001,0.005,0.0001,35,35462.5
20.275,114,-30,PID,0.005,0.0001,0.005,0.0001,35,35362.0
20.298,135,-29,PID,0.005,0.0001,0.005,0.0001,35,34305.5
20.319,153,-30,PID,0.005,0.0001,0.005,0.0001,35,34244.0
20.341,152,-30,PID,0.005,0.0001,0.005,0.0001,35,34263.5
20.363,165,-31,PID,0.005,0.0001,0.005,0.0001,35,34283.0
20.400,172,-32,PID,0.005,0.0001,0.005,0.0001,35,33815.5
20.432,177,-34,PID,0.005,0.0001,0.005,0.0001,35,34177.5
20.453,179,-37,PID,0.005,0.0001,0.005,0.0001,35,34299.5
20.476,179,-39,PID,0.005,0.0001,0.005,0.0001,35,34413.0
20.499,179,-40,PID,0.005,0.0001,0.005,0.0001,35,34430.5
20.525,183,-43,PID,0.005,0.0001,0.005,0.0001,35,34717.5
20.546,180,-47,PID,0.005,0.0001,0.005,0.0001,35,34397.5
20.568,180,-50,PID,0.005,0.0001,0.005,0.0001,35,34571.0
20.589,178,-52,PID,0.005,0.0001,0.005,0.0001,35,34216.0
20.611,178,-54,PID,0.005,0.0001,0.005,0.0001,35,34320.5
20.633,169,-56,PID,0.005,0.0001,0.005,0.0001,35,34253.5
20.654,162,-59,PID,0.005,0.0001,0.005,0.0001,35,33920.0
20.677,149,-61,PID,0.005,0.0001,0.005,0.0001,35,33813.0
20.698,148,-62,PID,0.005,0.0001,0.005,0.0001,35,33874.0
20.719,134,-63,PID,0.005,0.0001,0.005,0.0001,35,34253.0
20.741,117,-63,PID,0.005,0.0001,0.005,0.0001,35,34202.0
20.762,117,-63,PID,0.005,0.0001,0.005,0.0001,35,34256.0
20.783,97,-61,PID,0.005,0.0001,0.005,0.0001,35,33423.5
